7,"Jacobs Well Spg nr Wimberley, TX","Gage height, feet",10/1/2009 0:00,1.45,unknown,Minimum,1,NWISDV:08170990,5,NWISDV:00065,unknown,unknown,unknown,Derived Value,0,unknown,FALSE,-999999,-6,10/1/2009 6:00,30.03444444,-98.1261111,,nc,unknown,unknown,Unknown,Unknown
7,"Jacobs Well Spg nr Wimberley, TX","Gage height, feet",10/2/2009 0:00,1.45,unknown,Minimum,1,NWISDV:08170990,5,NWISDV:00065,unknown,unknown,unknown,Derived Value,0,unknown,FALSE,-999999,-6,10/2/2009 6:00,30.03444444,-98.1261111,,nc,unknown,unknown,Unknown,Unknown
7,"Jacobs Well Spg nr Wimberley, TX","Gage height, feet",10/3/2009 0:00,1.45,unknown,Minimum,1,NWISDV:08170990,5,NWISDV:00065,unknown,unknown,unknown,Derived Value,0,unknown,FALSE,-999999,-6,10/3/2009 6:00,30.03444444,-98.1261111,,nc,unknown,unknown,Unknown,Unknown
7,"Jacobs Well Spg nr Wimberley, TX","Gage height, feet",10/4/2009 0:00,1.59,unknown,Minimum,1,NWISDV:08170990,5,NWISDV:00065,unknown,unknown,unknown,Derived Value,0,unknown,FALSE,-999999,-6,10/4/2009 6:00,30.03444444,-98.1261111,,nc,unknown,unknown,Unknown,Unknown
7,"Jacobs Well Spg nr Wimberley, TX","Gage height, feet",10/5/2009 0:00,1.56,unknown,Minimum,1,NWISDV:08170990,5,NWISDV:00065,unknown,unknown,unknown,Derived Value,0,unknown,FALSE,-999999,-6,10/5/2009 6:00,30.03444444,-98.1261111,,nc,unknown,unknown,Unknown,Unknown
7,"Jacobs Well Spg nr Wimberley, TX","Gage height, feet",10/6/2009 0:00,1.54,unknown,Minimum,1,NWISDV:08170990,5,NWISDV:00065,unknown,unknown,unknown,Derived Value,0,unknown,FALSE,-999999,-6,10/6/2009 6:00,30.03444444,-98.1261111,,nc,unknown,unknown,Unknown,Unknown
7,"Jacobs Well Spg nr Wimberley, TX","Gage height, feet",10/7/2009 0:00,1.52,unknown,Minimum,1,NWISDV:08170990,5,NWISDV:00065,unknown,unknown,unknown,Derived Value,0,unknown,FALSE,-999999,-6,10/7/2009 6:00,30.03444444,-98.1261111,,nc,unknown,unknown,Unknown,Unknown
7,"Jacobs Well Spg nr Wimberley, TX","Gage height, feet",10/8/2009 0:00,1.52,unknown,Minimum,1,NWISDV:08170990,5,NWISDV:00065,unknown,unknown,unknown,Derived Value,0,unknown,FALSE,-999999,-6,10/8/2009 6:00,30.03444444,-98.1261111,,nc,unknown,unknown,Unknown,Unknown
7,"Jacobs Well Spg nr Wimberley, TX","Gage height, feet",10/9/2009 0:00,1.51,unknown,Minimum,1,NWISDV:08170990,5,NWISDV:00065,unknown,unknown,unknown,Derived Value,0,unknown,FALSE,-999999,-6,10/9/2009 6:00,30.03444444,-98.1261111,,nc,unknown,unknown,Unknown,Unknown
7,"Jacobs Well Spg nr Wimberley, TX","Gage height, feet",10/10/2009 0:00,1.77,unknown,Minimum,1,NWISDV:08170990,5,NWISDV:00065,unknown,unknown,unknown,Derived Value,0,unknown,FALSE,-999999,-6,10/10/2009 6:00,30.03444444,-98.1261111,,nc,unknown,unknown,Unknown,Unknown
7,"Jacobs Well Spg nr Wimberley, TX","Gage height, feet",10/11/2009 0:00,1.7,unknown,Minimum,1,NWISDV:08170990,5,NWISDV:00065,unknown,unknown,unknown,Derived Value,0,unknown,FALSE,-999999,-6,10/11/2009 6:00,30.03444444,-98.1261111,,nc,unknown,unknown,Unknown,Unknown
7,"Jacobs Well Spg nr Wimberley, TX","Gage height, feet",10/12/2009 0:00,1.68,unknown,Minimum,1,NWISDV:08170990,5,NWISDV:00065,unknown,unknown,unknown,Derived Value,0,unknown,FALSE,-999999,-6,10/12/2009 6:00,30.03444444,-98.1261111,,nc,unknown,unknown,Unknown,Unknown
7,"Jacobs Well Spg nr Wimberley, TX","Gage height, feet",10/13/2009 0:00,1.68,unknown,Minimum,1,NWISDV:08170990,5,NWISDV:00065,unknown,unknown,unknown,Derived Value,0,unknown,FALSE,-999999,-6,10/13/2009 6:00,30.03444444,-98.1261111,,nc,unknown,unknown,Unknown,Unknown
7,"Jacobs Well Spg nr Wimberley, TX","Gage height, feet",10/14/2009 0:00,1.76,unknown,Minimum,1,NWISDV:08170990,5,NWISDV:00065,unknown,unknown,unknown,Derived Value,0,unknown,FALSE,-999999,-6,10/14/2009 6:00,30.03444444,-98.1261111,,nc,unknown,unknown,Unknown,Unknown
7,"Jacobs Well Spg nr Wimberley, TX","Gage height, feet",10/15/2009 0:00,1.71,unknown,Minimum,1,NWISDV:08170990,5,NWISDV:00065,unknown,unknown,unknown,Derived Value,0,unknown,FALSE,-999999,-6,10/15/2009 6:00,30.03444444,-98.1261111,,nc,unknown,unknown,Unknown,Unknown
7,"Jacobs Well Spg nr Wimberley, TX","Gage height, feet",10/16/2009 0:00,1.65,unknown,Minimum,1,NWISDV:08170990,5,NWISDV:00065,unknown,unknown,unknown,Derived Value,0,unknown,FALSE,-999999,-6,10/16/2009 6:00,30.03444444,-98.1261111,,nc,unknown,unknown,Unknown,Unknown
7,"Jacobs Well Spg nr Wimberley, TX","Gage height, feet",10/17/2009 0:00,1.61,unknown,Minimum,1,NWISDV:08170990,5,NWISDV:00065,unknown,unknown,unknown,Derived Value,0,unknown,FALSE,-999999,-6,10/17/2009 6:00,30.03444444,-98.1261111,,nc,unknown,unknown,Unknown,Unknown
7,"Jacobs Well Spg nr Wimberley, TX","Gage height, feet",10/18/2009 0:00,1.6,unknown,Minimum,1,NWISDV:08170990,5,NWISDV:00065,unknown,unknown,unknown,Derived Value,0,unknown,FALSE,-999999,-6,10/18/2009 6:00,30.03444444,-98.1261111,,nc,unknown,unknown,Unknown,Unknown
7,"Jacobs Well Spg nr Wimberley, TX","Gage height, feet",10/19/2009 0:00,1.59,unknown,Minimum,1,NWISDV:08170990,5,NWISDV:00065,unknown,unknown,unknown,Derived Value,0,unknown,FALSE,-999999,-6,10/19/2009 6:00,30.03444444,-98.1261111,,nc,unknown,unknown,Unknown,Unknown
7,"Jacobs Well Spg nr Wimberley, TX","Gage height, feet",10/20/2009 0:00,1.57,unknown,Minimum,1,NWISDV:08170990,5,NWISDV:00065,unknown,unknown,unknown,Derived Value,0,unknown,FALSE,-999999,-6,10/20/2009 6:00,30.03444444,-98.1261111,,nc,unknown,unknown,Unknown,Unknown
7,"Jacobs Well Spg nr Wimberley, TX","Gage height, feet",10/21/2009 0:00,1.58,unknown,Minimum,1,NWISDV:08170990,5,NWISDV:00065,unknown,unknown,unknown,Derived Value,0,unknown,FALSE,-999999,-6,10/21/2009 6:00,30.03444444,-98.1261111,,nc,unknown,unknown,Unknown,Unknown
7,"Jacobs Well Spg nr Wimberley, TX","Gage height, feet",10/22/2009 0:00,1.75,unknown,Minimum,1,NWISDV:08170990,5,NWISDV:00065,unknown,unknown,unknown,Derived Value,0,unknown,FALSE,-999999,-6,10/22/2009 6:00,30.03444444,-98.1261111,,nc,unknown,unknown,Unknown,Unknown
7,"Jacobs Well Spg nr Wimberley, TX","Gage height, feet",10/23/2009 0:00,1.99,unknown,Minimum,1,NWISDV:08170990,5,NWISDV:00065,unknown,unknown,unknown,Derived Value,0,unknown,FALSE,-999999,-6,10/23/2009 6:00,30.03444444,-98.1261111,,nc,unknown,unknown,Unknown,Unknown
7,"Jacobs Well Spg nr Wimberley, TX","Gage height, feet",10/24/2009 0:00,1.91,unknown,Minimum,1,NWISDV:08170990,5,NWISDV:00065,unknown,unknown,unknown,Derived Value,0,unknown,FALSE,-999999,-6,10/24/2009 6:00,30.03444444,-98.1261111,,nc,unknown,unknown,Unknown,Unknown
7,"Jacobs Well Spg nr Wimberley, TX","Gage height, feet",10/25/2009 0:00,1.86,unknown,Minimum,1,NWISDV:08170990,5,NWISDV:00065,unknown,unknown,unknown,Derived Value,0,unknown,FALSE,-999999,-6,10/25/2009 6:00,30.03444444,-98.1261111,,nc,unknown,unknown,Unknown,Unknown
7,"Jacobs Well Spg nr Wimberley, TX","Gage height, feet",10/26/2009 0:00,1.86,unknown,Minimum,1,NWISDV:08170990,5,NWISDV:00065,unknown,unknown,unknown,Derived Value,0,unknown,FALSE,-999999,-6,10/26/2009 6:00,30.03444444,-98.1261111,,nc,unknown,unknown,Unknown,Unknown
7,"Jacobs Well Spg nr Wimberley, TX","Gage height, feet",10/27/2009 0:00,2.35,unknown,Minimum,1,NWISDV:08170990,5,NWISDV:00065,unknown,unknown,unknown,Derived Value,0,unknown,FALSE,-999999,-6,10/27/2009 6:00,30.03444444,-98.1261111,,nc,unknown,unknown,Unknown,Unknown
7,"Jacobs Well Spg nr Wimberley, TX","Gage height, feet",10/28/2009 0:00,2.23,unknown,Minimum,1,NWISDV:08170990,5,NWISDV:00065,unknown,unknown,unknown,Derived Value,0,unknown,FALSE,-999999,-6,10/28/2009 6:00,30.03444444,-98.1261111,,nc,unknown,unknown,Unknown,Unknown
7,"Jacobs Well Spg nr Wimberley, TX","Gage height, feet",10/29/2009 0:00,2.13,unknown,Minimum,1,NWISDV:08170990,5,NWISDV:00065,unknown,unknown,unknown,Derived Value,0,unknown,FALSE,-999999,-6,10/29/2009 6:00,30.03444444,-98.1261111,,nc,unknown,unknown,Unknown,Unknown
7,"Jacobs Well Spg nr Wimberley, TX","Gage height, feet",10/30/2009 0:00,2.05,unknown,Minimum,1,NWISDV:08170990,5,NWISDV:00065,unknown,unknown,unknown,Derived Value,0,unknown,FALSE,-999999,-6,10/30/2009 6:00,30.03444444,-98.1261111,,nc,unknown,unknown,Unknown,Unknown
7,"Jacobs Well Spg nr Wimberley, TX","Gage height, feet",10/31/2009 0:00,1.99,unknown,Minimum,1,NWISDV:08170990,5,NWISDV:00065,unknown,unknown,unknown,Derived Value,0,unknown,FALSE,-999999,-6,10/31/2009 6:00,30.03444444,-98.1261111,,nc,unknown,unknown,Unknown,Unknown
7,"Jacobs Well Spg nr Wimberley, TX","Gage height, feet",11/1/2009 0:00,1.94,unknown,Minimum,1,NWISDV:08170990,5,NWISDV:00065,unknown,unknown,unknown,Derived Value,0,unknown,FALSE,-999999,-6,11/1/2009 6:00,30.03444444,-98.1261111,,nc,unknown,unknown,Unknown,Unknown
7,"Jacobs Well Spg nr Wimberley, TX","Gage height, feet",11/2/2009 0:00,1.89,unknown,Minimum,1,NWISDV:08170990,5,NWISDV:00065,unknown,unknown,unknown,Derived Value,0,unknown,FALSE,-999999,-6,11/2/2009 6:00,30.03444444,-98.1261111,,nc,unknown,unknown,Unknown,Unknown
7,"Jacobs Well Spg nr Wimberley, TX","Gage height, feet",11/3/2009 0:00,1.86,unknown,Minimum,1,NWISDV:08170990,5,NWISDV:00065,unknown,unknown,unknown,Derived Value,0,unknown,FALSE,-999999,-6,11/3/2009 6:00,30.03444444,-98.1261111,,nc,unknown,unknown,Unknown,Unknown
7,"Jacobs Well Spg nr Wimberley, TX","Gage height, feet",11/4/2009 0:00,1.84,unknown,Minimum,1,NWISDV:08170990,5,NWISDV:00065,unknown,unknown,unknown,Derived Value,0,unknown,FALSE,-999999,-6,11/4/2009 6:00,30.03444444,-98.1261111,,nc,unknown,unknown,Unknown,Unknown
7,"Jacobs Well Spg nr Wimberley, TX","Gage height, feet",11/5/2009 0:00,1.83,unknown,Minimum,1,NWISDV:08170990,5,NWISDV:00065,unknown,unknown,unknown,Derived Value,0,unknown,FALSE,-999999,-6,11/5/2009 6:00,30.03444444,-98.1261111,,nc,unknown,unknown,Unknown,Unknown
7,"Jacobs Well Spg nr Wimberley, TX","Gage height, feet",11/6/2009 0:00,1.83,unknown,Minimum,1,NWISDV:08170990,5,NWISDV:00065,unknown,unknown,unknown,Derived Value,0,unknown,FALSE,-999999,-6,11/6/2009 6:00,30.03444444,-98.1261111,,nc,unknown,unknown,Unknown,Unknown
7,"Jacobs Well Spg nr Wimberley, TX","Gage height, feet",11/7/2009 0:00,1.81,unknown,Minimum,1,NWISDV:08170990,5,NWISDV:00065,unknown,unknown,unknown,Derived Value,0,unknown,FALSE,-999999,-6,11/7/2009 6:00,30.03444444,-98.1261111,,nc,unknown,unknown,Unknown,Unknown
7,"Jacobs Well Spg nr Wimberley, TX","Gage height, feet",11/8/2009 0:00,1.81,unknown,Minimum,1,NWISDV:08170990,5,NWISDV:00065,unknown,unknown,unknown,Derived Value,0,unknown,FALSE,-999999,-6,11/8/2009 6:00,30.03444444,-98.1261111,,nc,unknown,unknown,Unknown,Unknown
7,"Jacobs Well Spg nr Wimberley, TX","Gage height, feet",11/9/2009 0:00,2.23,unknown,Minimum,1,NWISDV:08170990,5,NWISDV:00065,unknown,unknown,unknown,Derived Value,0,unknown,FALSE,-999999,-6,11/9/2009 6:00,30.03444444,-98.1261111,,nc,unknown,unknown,Unknown,Unknown
7,"Jacobs Well Spg nr Wimberley, TX","Gage height, feet",11/10/2009 0:00,2.14,unknown,Minimum,1,NWISDV:08170990,5,NWISDV:00065,unknown,unknown,unknown,Derived Value,0,unknown,FALSE,-999999,-6,11/10/2009 6:00,30.03444444,-98.1261111,,nc,unknown,unknown,Unknown,Unknown
7,"Jacobs Well Spg nr Wimberley, TX","Gage height, feet",11/11/2009 0:00,2.09,unknown,Minimum,1,NWISDV:08170990,5,NWISDV:00065,unknown,unknown,unknown,Derived Value,0,unknown,FALSE,-999999,-6,11/11/2009 6:00,30.03444444,-98.1261111,,nc,unknown,unknown,Unknown,Unknown
7,"Jacobs Well Spg nr Wimberley, TX","Gage height, feet",11/12/2009 0:00,2.05,unknown,Minimum,1,NWISDV:08170990,5,NWISDV:00065,unknown,unknown,unknown,Derived Value,0,unknown,FALSE,-999999,-6,11/12/2009 6:00,30.03444444,-98.1261111,,nc,unknown,unknown,Unknown,Unknown
7,"Jacobs Well Spg nr Wimberley, TX","Gage height, feet",11/13/2009 0:00,2.04,unknown,Minimum,1,NWISDV:08170990,5,NWISDV:00065,unknown,unknown,unknown,Derived Value,0,unknown,FALSE,-999999,-6,11/13/2009 6:00,30.03444444,-98.1261111,,nc,unknown,unknown,Unknown,Unknown
7,"Jacobs Well Spg nr Wimberley, TX","Gage height, feet",11/14/2009 0:00,2.02,unknown,Minimum,1,NWISDV:08170990,5,NWISDV:00065,unknown,unknown,unknown,Derived Value,0,unknown,FALSE,-999999,-6,11/14/2009 6:00,30.03444444,-98.1261111,,nc,unknown,unknown,Unknown,Unknown
7,"Jacobs Well Spg nr Wimberley, TX","Gage height, feet",11/15/2009 0:00,2,unknown,Minimum,1,NWISDV:08170990,5,NWISDV:00065,unknown,unknown,unknown,Derived Value,0,unknown,FALSE,-999999,-6,11/15/2009 6:00,30.03444444,-98.1261111,,nc,unknown,unknown,Unknown,Unknown
7,"Jacobs Well Spg nr Wimberley, TX","Gage height, feet",11/16/2009 0:00,1.98,unknown,Minimum,1,NWISDV:08170990,5,NWISDV:00065,unknown,unknown,unknown,Derived Value,0,unknown,FALSE,-999999,-6,11/16/2009 6:00,30.03444444,-98.1261111,,nc,unknown,unknown,Unknown,Unknown
7,"Jacobs Well Spg nr Wimberley, TX","Gage height, feet",11/17/2009 0:00,1.97,unknown,Minimum,1,NWISDV:08170990,5,NWISDV:00065,unknown,unknown,unknown,Derived Value,0,unknown,FALSE,-999999,-6,11/17/2009 6:00,30.03444444,-98.1261111,,nc,unknown,unknown,Unknown,Unknown
7,"Jacobs Well Spg nr Wimberley, TX","Gage height, feet",11/18/2009 0:00,1.95,unknown,Minimum,1,NWISDV:08170990,5,NWISDV:00065,unknown,unknown,unknown,Derived Value,0,unknown,FALSE,-999999,-6,11/18/2009 6:00,30.03444444,-98.1261111,,nc,unknown,unknown,Unknown,Unknown
7,"Jacobs Well Spg nr Wimberley, TX","Gage height, feet",11/19/2009 0:00,1.93,unknown,Minimum,1,NWISDV:08170990,5,NWISDV:00065,unknown,unknown,unknown,Derived Value,0,unknown,FALSE,-999999,-6,11/19/2009 6:00,30.03444444,-98.1261111,,nc,unknown,unknown,Unknown,Unknown
7,"Jacobs Well Spg nr Wimberley, TX","Gage height, feet",11/20/2009 0:00,1.96,unknown,Minimum,1,NWISDV:08170990,5,NWISDV:00065,unknown,unknown,unknown,Derived Value,0,unknown,FALSE,-999999,-6,11/20/2009 6:00,30.03444444,-98.1261111,,nc,unknown,unknown,Unknown,Unknown
7,"Jacobs Well Spg nr Wimberley, TX","Gage height, feet",11/21/2009 0:00,2.27,unknown,Minimum,1,NWISDV:08170990,5,NWISDV:00065,unknown,unknown,unknown,Derived Value,0,unknown,FALSE,-999999,-6,11/21/2009 6:00,30.03444444,-98.1261111,,nc,unknown,unknown,Unknown,Unknown
7,"Jacobs Well Spg nr Wimberley, TX","Gage height, feet",11/22/2009 0:00,2.23,unknown,Minimum,1,NWISDV:08170990,5,NWISDV:00065,unknown,unknown,unknown,Derived Value,0,unknown,FALSE,-999999,-6,11/22/2009 6:00,30.03444444,-98.1261111,,nc,unknown,unknown,Unknown,Unknown
7,"Jacobs Well Spg nr Wimberley, TX","Gage height, feet",11/23/2009 0:00,2.2,unknown,Minimum,1,NWISDV:08170990,5,NWISDV:00065,unknown,unknown,unknown,Derived Value,0,unknown,FALSE,-999999,-6,11/23/2009 6:00,30.03444444,-98.1261111,,nc,unknown,unknown,Unknown,Unknown
7,"Jacobs Well Spg nr Wimberley, TX","Gage height, feet",11/24/2009 0:00,2.16,unknown,Minimum,1,NWISDV:08170990,5,NWISDV:00065,unknown,unknown,unknown,Derived Value,0,unknown,FALSE,-999999,-6,11/24/2009 6:00,30.03444444,-98.1261111,,nc,unknown,unknown,Unknown,Unknown
7,"Jacobs Well Spg nr Wimberley, TX","Gage height, feet",11/25/2009 0:00,2.15,unknown,Minimum,1,NWISDV:08170990,5,NWISDV:00065,unknown,unknown,unknown,Derived Value,0,unknown,FALSE,-999999,-6,11/25/2009 6:00,30.03444444,-98.1261111,,nc,unknown,unknown,Unknown,Unknown
7,"Jacobs Well Spg nr Wimberley, TX","Gage height, feet",11/26/2009 0:00,2.13,unknown,Minimum,1,NWISDV:08170990,5,NWISDV:00065,unknown,unknown,unknown,Derived Value,0,unknown,FALSE,-999999,-6,11/26/2009 6:00,30.03444444,-98.1261111,,nc,unknown,unknown,Unknown,Unknown
7,"Jacobs Well Spg nr Wimberley, TX","Gage height, feet",11/27/2009 0:00,2.12,unknown,Minimum,1,NWISDV:08170990,5,NWISDV:00065,unknown,unknown,unknown,Derived Value,0,unknown,FALSE,-999999,-6,11/27/2009 6:00,30.03444444,-98.1261111,,nc,unknown,unknown,Unknown,Unknown
7,"Jacobs Well Spg nr Wimberley, TX","Gage height, feet",11/28/2009 0:00,2.12,unknown,Minimum,1,NWISDV:08170990,5,NWISDV:00065,unknown,unknown,unknown,Derived Value,0,unknown,FALSE,-999999,-6,11/28/2009 6:00,30.03444444,-98.1261111,,nc,unknown,unknown,Unknown,Unknown
7,"Jacobs Well Spg nr Wimberley, TX","Gage height, feet",11/29/2009 0:00,2.11,unknown,Minimum,1,NWISDV:08170990,5,NWISDV:00065,unknown,unknown,unknown,Derived Value,0,unknown,FALSE,-999999,-6,11/29/2009 6:00,30.03444444,-98.1261111,,nc,unknown,unknown,Unknown,Unknown
7,"Jacobs Well Spg nr Wimberley, TX","Gage height, feet",11/30/2009 0:00,2.1,unknown,Minimum,1,NWISDV:08170990,5,NWISDV:00065,unknown,unknown,unknown,Derived Value,0,unknown,FALSE,-999999,-6,11/30/2009 6:00,30.03444444,-98.1261111,,nc,unknown,unknown,Unknown,Unknown
7,"Jacobs Well Spg nr Wimberley, TX","Gage height, feet",12/1/2009 0:00,2.12,unknown,Minimum,1,NWISDV:08170990,5,NWISDV:00065,unknown,unknown,unknown,Derived Value,0,unknown,FALSE,-999999,-6,12/1/2009 6:00,30.03444444,-98.1261111,,nc,unknown,unknown,Unknown,Unknown
7,"Jacobs Well Spg nr Wimberley, TX","Gage height, feet",12/2/2009 0:00,2.24,unknown,Minimum,1,NWISDV:08170990,5,NWISDV:00065,unknown,unknown,unknown,Derived Value,0,unknown,FALSE,-999999,-6,12/2/2009 6:00,30.03444444,-98.1261111,,nc,unknown,unknown,Unknown,Unknown
7,"Jacobs Well Spg nr Wimberley, TX","Gage height, feet",12/3/2009 0:00,2.2,unknown,Minimum,1,NWISDV:08170990,5,NWISDV:00065,unknown,unknown,unknown,Derived Value,0,unknown,FALSE,-999999,-6,12/3/2009 6:00,30.03444444,-98.1261111,,nc,unknown,unknown,Unknown,Unknown
7,"Jacobs Well Spg nr Wimberley, TX","Gage height, feet",12/4/2009 0:00,2.19,unknown,Minimum,1,NWISDV:08170990,5,NWISDV:00065,unknown,unknown,unknown,Derived Value,0,unknown,FALSE,-999999,-6,12/4/2009 6:00,30.03444444,-98.1261111,,nc,unknown,unknown,Unknown,Unknown
7,"Jacobs Well Spg nr Wimberley, TX","Gage height, feet",12/5/2009 0:00,2.2,unknown,Minimum,1,NWISDV:08170990,5,NWISDV:00065,unknown,unknown,unknown,Derived Value,0,unknown,FALSE,-999999,-6,12/5/2009 6:00,30.03444444,-98.1261111,,nc,unknown,unknown,Unknown,Unknown
7,"Jacobs Well Spg nr Wimberley, TX","Gage height, feet",12/6/2009 0:00,2.19,unknown,Minimum,1,NWISDV:08170990,5,NWISDV:00065,unknown,unknown,unknown,Derived Value,0,unknown,FALSE,-999999,-6,12/6/2009 6:00,30.03444444,-98.1261111,,nc,unknown,unknown,Unknown,Unknown
7,"Jacobs Well Spg nr Wimberley, TX","Gage height, feet",12/7/2009 0:00,2.19,unknown,Minimum,1,NWISDV:08170990,5,NWISDV:00065,unknown,unknown,unknown,Derived Value,0,unknown,FALSE,-999999,-6,12/7/2009 6:00,30.03444444,-98.1261111,,nc,unknown,unknown,Unknown,Unknown
7,"Jacobs Well Spg nr Wimberley, TX","Gage height, feet",12/8/2009 0:00,2.19,unknown,Minimum,1,NWISDV:08170990,5,NWISDV:00065,unknown,unknown,unknown,Derived Value,0,unknown,FALSE,-999999,-6,12/8/2009 6:00,30.03444444,-98.1261111,,nc,unknown,unknown,Unknown,Unknown
7,"Jacobs Well Spg nr Wimberley, TX","Gage height, feet",12/9/2009 0:00,2.17,unknown,Minimum,1,NWISDV:08170990,5,NWISDV:00065,unknown,unknown,unknown,Derived Value,0,unknown,FALSE,-999999,-6,12/9/2009 6:00,30.03444444,-98.1261111,,nc,unknown,unknown,Unknown,Unknown
7,"Jacobs Well Spg nr Wimberley, TX","Gage height, feet",12/11/2009 0:00,2.17,unknown,Minimum,1,NWISDV:08170990,5,NWISDV:00065,unknown,unknown,unknown,Derived Value,0,unknown,FALSE,-999999,-6,12/11/2009 6:00,30.03444444,-98.1261111,,nc,unknown,unknown,Unknown,Unknown
7,"Jacobs Well Spg nr Wimberley, TX","Gage height, feet",12/12/2009 0:00,2.18,unknown,Minimum,1,NWISDV:08170990,5,NWISDV:00065,unknown,unknown,unknown,Derived Value,0,unknown,FALSE,-999999,-6,12/12/2009 6:00,30.03444444,-98.1261111,,nc,unknown,unknown,Unknown,Unknown
7,"Jacobs Well Spg nr Wimberley, TX","Gage height, feet",12/13/2009 0:00,2.16,unknown,Minimum,1,NWISDV:08170990,5,NWISDV:00065,unknown,unknown,unknown,Derived Value,0,unknown,FALSE,-999999,-6,12/13/2009 6:00,30.03444444,-98.1261111,,nc,unknown,unknown,Unknown,Unknown
7,"Jacobs Well Spg nr Wimberley, TX","Gage height, feet",12/14/2009 0:00,2.16,unknown,Minimum,1,NWISDV:08170990,5,NWISDV:00065,unknown,unknown,unknown,Derived Value,0,unknown,FALSE,-999999,-6,12/14/2009 6:00,30.03444444,-98.1261111,,nc,unknown,unknown,Unknown,Unknown
7,"Jacobs Well Spg nr Wimberley, TX","Gage height, feet",12/15/2009 0:00,2.12,unknown,Minimum,1,NWISDV:08170990,5,NWISDV:00065,unknown,unknown,unknown,Derived Value,0,unknown,FALSE,-999999,-6,12/15/2009 6:00,30.03444444,-98.1261111,,nc,unknown,unknown,Unknown,Unknown
7,"Jacobs Well Spg nr Wimberley, TX","Gage height, feet",12/16/2009 0:00,2.13,unknown,Minimum,1,NWISDV:08170990,5,NWISDV:00065,unknown,unknown,unknown,Derived Value,0,unknown,FALSE,-999999,-6,12/16/2009 6:00,30.03444444,-98.1261111,,nc,unknown,unknown,Unknown,Unknown
7,"Jacobs Well Spg nr Wimberley, TX","Gage height, feet",12/17/2009 0:00,2.14,unknown,Minimum,1,NWISDV:08170990,5,NWISDV:00065,unknown,unknown,unknown,Derived Value,0,unknown,FALSE,-999999,-6,12/17/2009 6:00,30.03444444,-98.1261111,,nc,unknown,unknown,Unknown,Unknown
7,"Jacobs Well Spg nr Wimberley, TX","Gage height, feet",12/18/2009 0:00,2.18,unknown,Minimum,1,NWISDV:08170990,5,NWISDV:00065,unknown,unknown,unknown,Derived Value,0,unknown,FALSE,-999999,-6,12/18/2009 6:00,30.03444444,-98.1261111,,nc,unknown,unknown,Unknown,Unknown
7,"Jacobs Well Spg nr Wimberley, TX","Gage height, feet",12/19/2009 0:00,2.16,unknown,Minimum,1,NWISDV:08170990,5,NWISDV:00065,unknown,unknown,unknown,Derived Value,0,unknown,FALSE,-999999,-6,12/19/2009 6:00,30.03444444,-98.1261111,,nc,unknown,unknown,Unknown,Unknown
7,"Jacobs Well Spg nr Wimberley, TX","Gage height, feet",12/20/2009 0:00,2.17,unknown,Minimum,1,NWISDV:08170990,5,NWISDV:00065,unknown,unknown,unknown,Derived Value,0,unknown,FALSE,-999999,-6,12/20/2009 6:00,30.03444444,-98.1261111,,nc,unknown,unknown,Unknown,Unknown
7,"Jacobs Well Spg nr Wimberley, TX","Gage height, feet",12/21/2009 0:00,2.16,unknown,Minimum,1,NWISDV:08170990,5,NWISDV:00065,unknown,unknown,unknown,Derived Value,0,unknown,FALSE,-999999,-6,12/21/2009 6:00,30.03444444,-98.1261111,,nc,unknown,unknown,Unknown,Unknown
7,"Jacobs Well Spg nr Wimberley, TX","Gage height, feet",12/22/2009 0:00,2.16,unknown,Minimum,1,NWISDV:08170990,5,NWISDV:00065,unknown,unknown,unknown,Derived Value,0,unknown,FALSE,-999999,-6,12/22/2009 6:00,30.03444444,-98.1261111,,nc,unknown,unknown,Unknown,Unknown
7,"Jacobs Well Spg nr Wimberley, TX","Gage height, feet",12/23/2009 0:00,2.17,unknown,Minimum,1,NWISDV:08170990,5,NWISDV:00065,unknown,unknown,unknown,Derived Value,0,unknown,FALSE,-999999,-6,12/23/2009 6:00,30.03444444,-98.1261111,,nc,unknown,unknown,Unknown,Unknown
7,"Jacobs Well Spg nr Wimberley, TX","Gage height, feet",12/24/2009 0:00,2.16,unknown,Minimum,1,NWISDV:08170990,5,NWISDV:00065,unknown,unknown,unknown,Derived Value,0,unknown,FALSE,-999999,-6,12/24/2009 6:00,30.03444444,-98.1261111,,nc,unknown,unknown,Unknown,Unknown
7,"Jacobs Well Spg nr Wimberley, TX","Gage height, feet",12/25/2009 0:00,2.16,unknown,Minimum,1,NWISDV:08170990,5,NWISDV:00065,unknown,unknown,unknown,Derived Value,0,unknown,FALSE,-999999,-6,12/25/2009 6:00,30.03444444,-98.1261111,,nc,unknown,unknown,Unknown,Unknown
7,"Jacobs Well Spg nr Wimberley, TX","Gage height, feet",12/26/2009 0:00,2.15,unknown,Minimum,1,NWISDV:08170990,5,NWISDV:00065,unknown,unknown,unknown,Derived Value,0,unknown,FALSE,-999999,-6,12/26/2009 6:00,30.03444444,-98.1261111,,nc,unknown,unknown,Unknown,Unknown
7,"Jacobs Well Spg nr Wimberley, TX","Gage height, feet",12/31/2009 0:00,2.15,unknown,Minimum,1,NWISDV:08170990,5,NWISDV:00065,unknown,unknown,unknown,Derived Value,0,unknown,FALSE,-999999,-6,12/31/2009 6:00,30.03444444,-98.1261111,,nc,unknown,unknown,Unknown,Unknown
7,"Jacobs Well Spg nr Wimberley, TX","Gage height, feet",1/1/2010 0:00,2.16,unknown,Minimum,1,NWISDV:08170990,5,NWISDV:00065,unknown,unknown,unknown,Derived Value,0,unknown,FALSE,-999999,-6,1/1/2010 6:00,30.03444444,-98.1261111,,nc,unknown,unknown,Unknown,Unknown
7,"Jacobs Well Spg nr Wimberley, TX","Gage height, feet",1/2/2010 0:00,2.15,unknown,Minimum,1,NWISDV:08170990,5,NWISDV:00065,unknown,unknown,unknown,Derived Value,0,unknown,FALSE,-999999,-6,1/2/2010 6:00,30.03444444,-98.1261111,,nc,unknown,unknown,Unknown,Unknown
7,"Jacobs Well Spg nr Wimberley, TX","Gage height, feet",1/3/2010 0:00,2.16,unknown,Minimum,1,NWISDV:08170990,5,NWISDV:00065,unknown,unknown,unknown,Derived Value,0,unknown,FALSE,-999999,-6,1/3/2010 6:00,30.03444444,-98.1261111,,nc,unknown,unknown,Unknown,Unknown
7,"Jacobs Well Spg nr Wimberley, TX","Gage height, feet",1/4/2010 0:00,2.13,unknown,Minimum,1,NWISDV:08170990,5,NWISDV:00065,unknown,unknown,unknown,Derived Value,0,unknown,FALSE,-999999,-6,1/4/2010 6:00,30.03444444,-98.1261111,,nc,unknown,unknown,Unknown,Unknown
7,"Jacobs Well Spg nr Wimberley, TX","Gage height, feet",1/5/2010 0:00,2.13,unknown,Minimum,1,NWISDV:08170990,5,NWISDV:00065,unknown,unknown,unknown,Derived Value,0,unknown,FALSE,-999999,-6,1/5/2010 6:00,30.03444444,-98.1261111,,nc,unknown,unknown,Unknown,Unknown
7,"Jacobs Well Spg nr Wimberley, TX","Gage height, feet",1/6/2010 0:00,2.15,unknown,Minimum,1,NWISDV:08170990,5,NWISDV:00065,unknown,unknown,unknown,Derived Value,0,unknown,FALSE,-999999,-6,1/6/2010 6:00,30.03444444,-98.1261111,,nc,unknown,unknown,Unknown,Unknown
7,"Jacobs Well Spg nr Wimberley, TX","Gage height, feet",1/7/2010 0:00,2.12,unknown,Minimum,1,NWISDV:08170990,5,NWISDV:00065,unknown,unknown,unknown,Derived Value,0,unknown,FALSE,-999999,-6,1/7/2010 6:00,30.03444444,-98.1261111,,nc,unknown,unknown,Unknown,Unknown
7,"Jacobs Well Spg nr Wimberley, TX","Gage height, feet",1/8/2010 0:00,2.09,unknown,Minimum,1,NWISDV:08170990,5,NWISDV:00065,unknown,unknown,unknown,Derived Value,0,unknown,FALSE,-999999,-6,1/8/2010 6:00,30.03444444,-98.1261111,,nc,unknown,unknown,Unknown,Unknown
7,"Jacobs Well Spg nr Wimberley, TX","Gage height, feet",1/9/2010 0:00,2.07,unknown,Minimum,1,NWISDV:08170990,5,NWISDV:00065,unknown,unknown,unknown,Derived Value,0,unknown,FALSE,-999999,-6,1/9/2010 6:00,30.03444444,-98.1261111,,nc,unknown,unknown,Unknown,Unknown
7,"Jacobs Well Spg nr Wimberley, TX","Gage height, feet",1/10/2010 0:00,2.06,unknown,Minimum,1,NWISDV:08170990,5,NWISDV:00065,unknown,unknown,unknown,Derived Value,0,unknown,FALSE,-999999,-6,1/10/2010 6:00,30.03444444,-98.1261111,,nc,unknown,unknown,Unknown,Unknown
7,"Jacobs Well Spg nr Wimberley, TX","Gage height, feet",1/11/2010 0:00,2.06,unknown,Minimum,1,NWISDV:08170990,5,NWISDV:00065,unknown,unknown,unknown,Derived Value,0,unknown,FALSE,-999999,-6,1/11/2010 6:00,30.03444444,-98.1261111,,nc,unknown,unknown,Unknown,Unknown
7,"Jacobs Well Spg nr Wimberley, TX","Gage height, feet",1/12/2010 0:00,2.07,unknown,Minimum,1,NWISDV:08170990,5,NWISDV:00065,unknown,unknown,unknown,Derived Value,0,unknown,FALSE,-999999,-6,1/12/2010 6:00,30.03444444,-98.1261111,,nc,unknown,unknown,Unknown,Unknown
7,"Jacobs Well Spg nr Wimberley, TX","Gage height, feet",1/13/2010 0:00,2.07,unknown,Minimum,1,NWISDV:08170990,5,NWISDV:00065,unknown,unknown,unknown,Derived Value,0,unknown,FALSE,-999999,-6,1/13/2010 6:00,30.03444444,-98.1261111,,nc,unknown,unknown,Unknown,Unknown
7,"Jacobs Well Spg nr Wimberley, TX","Gage height, feet",1/14/2010 0:00,2.08,unknown,Minimum,1,NWISDV:08170990,5,NWISDV:00065,unknown,unknown,unknown,Derived Value,0,unknown,FALSE,-999999,-6,1/14/2010 6:00,30.03444444,-98.1261111,,nc,unknown,unknown,Unknown,Unknown
7,"Jacobs Well Spg nr Wimberley, TX","Gage height, feet",1/15/2010 0:00,2.13,unknown,Minimum,1,NWISDV:08170990,5,NWISDV:00065,unknown,unknown,unknown,Derived Value,0,unknown,FALSE,-999999,-6,1/15/2010 6:00,30.03444444,-98.1261111,,nc,unknown,unknown,Unknown,Unknown
7,"Jacobs Well Spg nr Wimberley, TX","Gage height, feet",1/17/2010 0:00,3.03,unknown,Minimum,1,NWISDV:08170990,5,NWISDV:00065,unknown,unknown,unknown,Derived Value,0,unknown,FALSE,-999999,-6,1/17/2010 6:00,30.03444444,-98.1261111,,nc,unknown,unknown,Unknown,Unknown
7,"Jacobs Well Spg nr Wimberley, TX","Gage height, feet",1/18/2010 0:00,2.88,unknown,Minimum,1,NWISDV:08170990,5,NWISDV:00065,unknown,unknown,unknown,Derived Value,0,unknown,FALSE,-999999,-6,1/18/2010 6:00,30.03444444,-98.1261111,,nc,unknown,unknown,Unknown,Unknown
7,"Jacobs Well Spg nr Wimberley, TX","Gage height, feet",1/19/2010 0:00,2.77,unknown,Minimum,1,NWISDV:08170990,5,NWISDV:00065,unknown,unknown,unknown,Derived Value,0,unknown,FALSE,-999999,-6,1/19/2010 6:00,30.03444444,-98.1261111,,nc,unknown,unknown,Unknown,Unknown
7,"Jacobs Well Spg nr Wimberley, TX","Gage height, feet",1/20/2010 0:00,2.71,unknown,Minimum,1,NWISDV:08170990,5,NWISDV:00065,unknown,unknown,unknown,Derived Value,0,unknown,FALSE,-999999,-6,1/20/2010 6:00,30.03444444,-98.1261111,,nc,unknown,unknown,Unknown,Unknown
7,"Jacobs Well Spg nr Wimberley, TX","Gage height, feet",1/21/2010 0:00,2.64,unknown,Minimum,1,NWISDV:08170990,5,NWISDV:00065,unknown,unknown,unknown,Derived Value,0,unknown,FALSE,-999999,-6,1/21/2010 6:00,30.03444444,-98.1261111,,nc,unknown,unknown,Unknown,Unknown
7,"Jacobs Well Spg nr Wimberley, TX","Gage height, feet",1/22/2010 0:00,2.61,unknown,Minimum,1,NWISDV:08170990,5,NWISDV:00065,unknown,unknown,unknown,Derived Value,0,unknown,FALSE,-999999,-6,1/22/2010 6:00,30.03444444,-98.1261111,,nc,unknown,unknown,Unknown,Unknown
7,"Jacobs Well Spg nr Wimberley, TX","Gage height, feet",1/23/2010 0:00,2.59,unknown,Minimum,1,NWISDV:08170990,5,NWISDV:00065,unknown,unknown,unknown,Derived Value,0,unknown,FALSE,-999999,-6,1/23/2010 6:00,30.03444444,-98.1261111,,nc,unknown,unknown,Unknown,Unknown
7,"Jacobs Well Spg nr Wimberley, TX","Gage height, feet",1/24/2010 0:00,2.54,unknown,Minimum,1,NWISDV:08170990,5,NWISDV:00065,unknown,unknown,unknown,Derived Value,0,unknown,FALSE,-999999,-6,1/24/2010 6:00,30.03444444,-98.1261111,,nc,unknown,unknown,Unknown,Unknown
7,"Jacobs Well Spg nr Wimberley, TX","Gage height, feet",1/25/2010 0:00,2.52,unknown,Minimum,1,NWISDV:08170990,5,NWISDV:00065,unknown,unknown,unknown,Derived Value,0,unknown,FALSE,-999999,-6,1/25/2010 6:00,30.03444444,-98.1261111,,nc,unknown,unknown,Unknown,Unknown
7,"Jacobs Well Spg nr Wimberley, TX","Gage height, feet",1/26/2010 0:00,2.5,unknown,Minimum,1,NWISDV:08170990,5,NWISDV:00065,unknown,unknown,unknown,Derived Value,0,unknown,FALSE,-999999,-6,1/26/2010 6:00,30.03444444,-98.1261111,,nc,unknown,unknown,Unknown,Unknown
7,"Jacobs Well Spg nr Wimberley, TX","Gage height, feet",1/27/2010 0:00,2.5,unknown,Minimum,1,NWISDV:08170990,5,NWISDV:00065,unknown,unknown,unknown,Derived Value,0,unknown,FALSE,-999999,-6,1/27/2010 6:00,30.03444444,-98.1261111,,nc,unknown,unknown,Unknown,Unknown
7,"Jacobs Well Spg nr Wimberley, TX","Gage height, feet",1/28/2010 0:00,2.5,unknown,Minimum,1,NWISDV:08170990,5,NWISDV:00065,unknown,unknown,unknown,Derived Value,0,unknown,FALSE,-999999,-6,1/28/2010 6:00,30.03444444,-98.1261111,,nc,unknown,unknown,Unknown,Unknown
7,"Jacobs Well Spg nr Wimberley, TX","Gage height, feet",1/29/2010 0:00,2.53,unknown,Minimum,1,NWISDV:08170990,5,NWISDV:00065,unknown,unknown,unknown,Derived Value,0,unknown,FALSE,-999999,-6,1/29/2010 6:00,30.03444444,-98.1261111,,nc,unknown,unknown,Unknown,Unknown
7,"Jacobs Well Spg nr Wimberley, TX","Gage height, feet",1/30/2010 0:00,3.09,unknown,Minimum,1,NWISDV:08170990,5,NWISDV:00065,unknown,unknown,unknown,Derived Value,0,unknown,FALSE,-999999,-6,1/30/2010 6:00,30.03444444,-98.1261111,,nc,unknown,unknown,Unknown,Unknown
7,"Jacobs Well Spg nr Wimberley, TX","Gage height, feet",1/31/2010 0:00,2.99,unknown,Minimum,1,NWISDV:08170990,5,NWISDV:00065,unknown,unknown,unknown,Derived Value,0,unknown,FALSE,-999999,-6,1/31/2010 6:00,30.03444444,-98.1261111,,nc,unknown,unknown,Unknown,Unknown
7,"Jacobs Well Spg nr Wimberley, TX","Gage height, feet",2/1/2010 0:00,2.94,unknown,Minimum,1,NWISDV:08170990,5,NWISDV:00065,unknown,unknown,unknown,Derived Value,0,unknown,FALSE,-999999,-6,2/1/2010 6:00,30.03444444,-98.1261111,,nc,unknown,unknown,Unknown,Unknown
7,"Jacobs Well Spg nr Wimberley, TX","Gage height, feet",2/2/2010 0:00,2.83,unknown,Minimum,1,NWISDV:08170990,5,NWISDV:00065,unknown,unknown,unknown,Derived Value,0,unknown,FALSE,-999999,-6,2/2/2010 6:00,30.03444444,-98.1261111,,nc,unknown,unknown,Unknown,Unknown
7,"Jacobs Well Spg nr Wimberley, TX","Gage height, feet",2/3/2010 0:00,2.83,unknown,Minimum,1,NWISDV:08170990,5,NWISDV:00065,unknown,unknown,unknown,Derived Value,0,unknown,FALSE,-999999,-6,2/3/2010 6:00,30.03444444,-98.1261111,,nc,unknown,unknown,Unknown,Unknown
7,"Jacobs Well Spg nr Wimberley, TX","Gage height, feet",2/4/2010 0:00,3.26,unknown,Minimum,1,NWISDV:08170990,5,NWISDV:00065,unknown,unknown,unknown,Derived Value,0,unknown,FALSE,-999999,-6,2/4/2010 6:00,30.03444444,-98.1261111,,nc,unknown,unknown,Unknown,Unknown
7,"Jacobs Well Spg nr Wimberley, TX","Gage height, feet",2/5/2010 0:00,3.49,unknown,Minimum,1,NWISDV:08170990,5,NWISDV:00065,unknown,unknown,unknown,Derived Value,0,unknown,FALSE,-999999,-6,2/5/2010 6:00,30.03444444,-98.1261111,,nc,unknown,unknown,Unknown,Unknown
7,"Jacobs Well Spg nr Wimberley, TX","Gage height, feet",2/6/2010 0:00,3.41,unknown,Minimum,1,NWISDV:08170990,5,NWISDV:00065,unknown,unknown,unknown,Derived Value,0,unknown,FALSE,-999999,-6,2/6/2010 6:00,30.03444444,-98.1261111,,nc,unknown,unknown,Unknown,Unknown
7,"Jacobs Well Spg nr Wimberley, TX","Gage height, feet",2/7/2010 0:00,3.37,unknown,Minimum,1,NWISDV:08170990,5,NWISDV:00065,unknown,unknown,unknown,Derived Value,0,unknown,FALSE,-999999,-6,2/7/2010 6:00,30.03444444,-98.1261111,,nc,unknown,unknown,Unknown,Unknown
7,"Jacobs Well Spg nr Wimberley, TX","Gage height, feet",2/8/2010 0:00,3.37,unknown,Minimum,1,NWISDV:08170990,5,NWISDV:00065,unknown,unknown,unknown,Derived Value,0,unknown,FALSE,-999999,-6,2/8/2010 6:00,30.03444444,-98.1261111,,nc,unknown,unknown,Unknown,Unknown
7,"Jacobs Well Spg nr Wimberley, TX","Gage height, feet",2/9/2010 0:00,3.35,unknown,Minimum,1,NWISDV:08170990,5,NWISDV:00065,unknown,unknown,unknown,Derived Value,0,unknown,FALSE,-999999,-6,2/9/2010 6:00,30.03444444,-98.1261111,,nc,unknown,unknown,Unknown,Unknown
7,"Jacobs Well Spg nr Wimberley, TX","Gage height, feet",2/10/2010 0:00,3.31,unknown,Minimum,1,NWISDV:08170990,5,NWISDV:00065,unknown,unknown,unknown,Derived Value,0,unknown,FALSE,-999999,-6,2/10/2010 6:00,30.03444444,-98.1261111,,nc,unknown,unknown,Unknown,Unknown
7,"Jacobs Well Spg nr Wimberley, TX","Gage height, feet",2/11/2010 0:00,3.3,unknown,Minimum,1,NWISDV:08170990,5,NWISDV:00065,unknown,unknown,unknown,Derived Value,0,unknown,FALSE,-999999,-6,2/11/2010 6:00,30.03444444,-98.1261111,,nc,unknown,unknown,Unknown,Unknown
7,"Jacobs Well Spg nr Wimberley, TX","Gage height, feet",2/18/2010 0:00,3.15,unknown,Minimum,1,NWISDV:08170990,5,NWISDV:00065,unknown,unknown,unknown,Derived Value,0,unknown,FALSE,-999999,-6,2/18/2010 6:00,30.03444444,-98.1261111,,nc,unknown,unknown,Unknown,Unknown
7,"Jacobs Well Spg nr Wimberley, TX","Gage height, feet",2/19/2010 0:00,3.1,unknown,Minimum,1,NWISDV:08170990,5,NWISDV:00065,unknown,unknown,unknown,Derived Value,0,unknown,FALSE,-999999,-6,2/19/2010 6:00,30.03444444,-98.1261111,,nc,unknown,unknown,Unknown,Unknown
7,"Jacobs Well Spg nr Wimberley, TX","Gage height, feet",2/20/2010 0:00,3.06,unknown,Minimum,1,NWISDV:08170990,5,NWISDV:00065,unknown,unknown,unknown,Derived Value,0,unknown,FALSE,-999999,-6,2/20/2010 6:00,30.03444444,-98.1261111,,nc,unknown,unknown,Unknown,Unknown
7,"Jacobs Well Spg nr Wimberley, TX","Gage height, feet",2/21/2010 0:00,2.98,unknown,Minimum,1,NWISDV:08170990,5,NWISDV:00065,unknown,unknown,unknown,Derived Value,0,unknown,FALSE,-999999,-6,2/21/2010 6:00,30.03444444,-98.1261111,,nc,unknown,unknown,Unknown,Unknown
7,"Jacobs Well Spg nr Wimberley, TX","Gage height, feet",2/22/2010 0:00,2.87,unknown,Minimum,1,NWISDV:08170990,5,NWISDV:00065,unknown,unknown,unknown,Derived Value,0,unknown,FALSE,-999999,-6,2/22/2010 6:00,30.03444444,-98.1261111,,nc,unknown,unknown,Unknown,Unknown
7,"Jacobs Well Spg nr Wimberley, TX","Gage height, feet",2/23/2010 0:00,2.83,unknown,Minimum,1,NWISDV:08170990,5,NWISDV:00065,unknown,unknown,unknown,Derived Value,0,unknown,FALSE,-999999,-6,2/23/2010 6:00,30.03444444,-98.1261111,,nc,unknown,unknown,Unknown,Unknown
7,"Jacobs Well Spg nr Wimberley, TX","Gage height, feet",2/24/2010 0:00,2.81,unknown,Minimum,1,NWISDV:08170990,5,NWISDV:00065,unknown,unknown,unknown,Derived Value,0,unknown,FALSE,-999999,-6,2/24/2010 6:00,30.03444444,-98.1261111,,nc,unknown,unknown,Unknown,Unknown
7,"Jacobs Well Spg nr Wimberley, TX","Gage height, feet",2/25/2010 0:00,2.79,unknown,Minimum,1,NWISDV:08170990,5,NWISDV:00065,unknown,unknown,unknown,Derived Value,0,unknown,FALSE,-999999,-6,2/25/2010 6:00,30.03444444,-98.1261111,,nc,unknown,unknown,Unknown,Unknown
7,"Jacobs Well Spg nr Wimberley, TX","Gage height, feet",2/26/2010 0:00,2.73,unknown,Minimum,1,NWISDV:08170990,5,NWISDV:00065,unknown,unknown,unknown,Derived Value,0,unknown,FALSE,-999999,-6,2/26/2010 6:00,30.03444444,-98.1261111,,nc,unknown,unknown,Unknown,Unknown
7,"Jacobs Well Spg nr Wimberley, TX","Gage height, feet",2/27/2010 0:00,2.71,unknown,Minimum,1,NWISDV:08170990,5,NWISDV:00065,unknown,unknown,unknown,Derived Value,0,unknown,FALSE,-999999,-6,2/27/2010 6:00,30.03444444,-98.1261111,,nc,unknown,unknown,Unknown,Unknown
7,"Jacobs Well Spg nr Wimberley, TX","Gage height, feet",2/28/2010 0:00,2.7,unknown,Minimum,1,NWISDV:08170990,5,NWISDV:00065,unknown,unknown,unknown,Derived Value,0,unknown,FALSE,-999999,-6,2/28/2010 6:00,30.03444444,-98.1261111,,nc,unknown,unknown,Unknown,Unknown
7,"Jacobs Well Spg nr Wimberley, TX","Gage height, feet",3/1/2010 0:00,2.7,unknown,Minimum,1,NWISDV:08170990,5,NWISDV:00065,unknown,unknown,unknown,Derived Value,0,unknown,FALSE,-999999,-6,3/1/2010 6:00,30.03444444,-98.1261111,,nc,unknown,unknown,Unknown,Unknown
7,"Jacobs Well Spg nr Wimberley, TX","Gage height, feet",3/2/2010 0:00,2.73,unknown,Minimum,1,NWISDV:08170990,5,NWISDV:00065,unknown,unknown,unknown,Derived Value,0,unknown,FALSE,-999999,-6,3/2/2010 6:00,30.03444444,-98.1261111,,nc,unknown,unknown,Unknown,Unknown
7,"Jacobs Well Spg nr Wimberley, TX","Gage height, feet",3/3/2010 0:00,2.7,unknown,Minimum,1,NWISDV:08170990,5,NWISDV:00065,unknown,unknown,unknown,Derived Value,0,unknown,FALSE,-999999,-6,3/3/2010 6:00,30.03444444,-98.1261111,,nc,unknown,unknown,Unknown,Unknown
7,"Jacobs Well Spg nr Wimberley, TX","Gage height, feet",3/4/2010 0:00,2.69,unknown,Minimum,1,NWISDV:08170990,5,NWISDV:00065,unknown,unknown,unknown,Derived Value,0,unknown,FALSE,-999999,-6,3/4/2010 6:00,30.03444444,-98.1261111,,nc,unknown,unknown,Unknown,Unknown
7,"Jacobs Well Spg nr Wimberley, TX","Gage height, feet",3/5/2010 0:00,2.68,unknown,Minimum,1,NWISDV:08170990,5,NWISDV:00065,unknown,unknown,unknown,Derived Value,0,unknown,FALSE,-999999,-6,3/5/2010 6:00,30.03444444,-98.1261111,,nc,unknown,unknown,Unknown,Unknown
7,"Jacobs Well Spg nr Wimberley, TX","Gage height, feet",3/6/2010 0:00,2.65,unknown,Minimum,1,NWISDV:08170990,5,NWISDV:00065,unknown,unknown,unknown,Derived Value,0,unknown,FALSE,-999999,-6,3/6/2010 6:00,30.03444444,-98.1261111,,nc,unknown,unknown,Unknown,Unknown
7,"Jacobs Well Spg nr Wimberley, TX","Gage height, feet",3/7/2010 0:00,2.64,unknown,Minimum,1,NWISDV:08170990,5,NWISDV:00065,unknown,unknown,unknown,Derived Value,0,unknown,FALSE,-999999,-6,3/7/2010 6:00,30.03444444,-98.1261111,,nc,unknown,unknown,Unknown,Unknown
7,"Jacobs Well Spg nr Wimberley, TX","Gage height, feet",3/8/2010 0:00,2.62,unknown,Minimum,1,NWISDV:08170990,5,NWISDV:00065,unknown,unknown,unknown,Derived Value,0,unknown,FALSE,-999999,-6,3/8/2010 6:00,30.03444444,-98.1261111,,nc,unknown,unknown,Unknown,Unknown
7,"Jacobs Well Spg nr Wimberley, TX","Gage height, feet",3/9/2010 0:00,2.59,unknown,Minimum,1,NWISDV:08170990,5,NWISDV:00065,unknown,unknown,unknown,Derived Value,0,unknown,FALSE,-999999,-6,3/9/2010 6:00,30.03444444,-98.1261111,,nc,unknown,unknown,Unknown,Unknown
7,"Jacobs Well Spg nr Wimberley, TX","Gage height, feet",3/10/2010 0:00,2.58,unknown,Minimum,1,NWISDV:08170990,5,NWISDV:00065,unknown,unknown,unknown,Derived Value,0,unknown,FALSE,-999999,-6,3/10/2010 6:00,30.03444444,-98.1261111,,nc,unknown,unknown,Unknown,Unknown
7,"Jacobs Well Spg nr Wimberley, TX","Gage height, feet",3/11/2010 0:00,2.56,unknown,Minimum,1,NWISDV:08170990,5,NWISDV:00065,unknown,unknown,unknown,Derived Value,0,unknown,FALSE,-999999,-6,3/11/2010 6:00,30.03444444,-98.1261111,,nc,unknown,unknown,Unknown,Unknown
7,"Jacobs Well Spg nr Wimberley, TX","Gage height, feet",3/12/2010 0:00,2.55,unknown,Minimum,1,NWISDV:08170990,5,NWISDV:00065,unknown,unknown,unknown,Derived Value,0,unknown,FALSE,-999999,-6,3/12/2010 6:00,30.03444444,-98.1261111,,nc,unknown,unknown,Unknown,Unknown
7,"Jacobs Well Spg nr Wimberley, TX","Gage height, feet",3/14/2010 0:00,3.14,unknown,Minimum,1,NWISDV:08170990,5,NWISDV:00065,unknown,unknown,unknown,Derived Value,0,unknown,FALSE,-999999,-6,3/14/2010 6:00,30.03444444,-98.1261111,,nc,unknown,unknown,Unknown,Unknown
7,"Jacobs Well Spg nr Wimberley, TX","Gage height, feet",3/15/2010 0:00,3.13,unknown,Minimum,1,NWISDV:08170990,5,NWISDV:00065,unknown,unknown,unknown,Derived Value,0,unknown,FALSE,-999999,-6,3/15/2010 6:00,30.03444444,-98.1261111,,nc,unknown,unknown,Unknown,Unknown
7,"Jacobs Well Spg nr Wimberley, TX","Gage height, feet",3/16/2010 0:00,3.14,unknown,Minimum,1,NWISDV:08170990,5,NWISDV:00065,unknown,unknown,unknown,Derived Value,0,unknown,FALSE,-999999,-6,3/16/2010 6:00,30.03444444,-98.1261111,,nc,unknown,unknown,Unknown,Unknown
7,"Jacobs Well Spg nr Wimberley, TX","Gage height, feet",3/17/2010 0:00,3.1,unknown,Minimum,1,NWISDV:08170990,5,NWISDV:00065,unknown,unknown,unknown,Derived Value,0,unknown,FALSE,-999999,-6,3/17/2010 6:00,30.03444444,-98.1261111,,nc,unknown,unknown,Unknown,Unknown
7,"Jacobs Well Spg nr Wimberley, TX","Gage height, feet",3/18/2010 0:00,3.14,unknown,Minimum,1,NWISDV:08170990,5,NWISDV:00065,unknown,unknown,unknown,Derived Value,0,unknown,FALSE,-999999,-6,3/18/2010 6:00,30.03444444,-98.1261111,,nc,unknown,unknown,Unknown,Unknown
7,"Jacobs Well Spg nr Wimberley, TX","Gage height, feet",3/19/2010 0:00,3.13,unknown,Minimum,1,NWISDV:08170990,5,NWISDV:00065,unknown,unknown,unknown,Derived Value,0,unknown,FALSE,-999999,-6,3/19/2010 6:00,30.03444444,-98.1261111,,nc,unknown,unknown,Unknown,Unknown
7,"Jacobs Well Spg nr Wimberley, TX","Gage height, feet",3/20/2010 0:00,3.13,unknown,Minimum,1,NWISDV:08170990,5,NWISDV:00065,unknown,unknown,unknown,Derived Value,0,unknown,FALSE,-999999,-6,3/20/2010 6:00,30.03444444,-98.1261111,,nc,unknown,unknown,Unknown,Unknown
7,"Jacobs Well Spg nr Wimberley, TX","Gage height, feet",3/21/2010 0:00,3.15,unknown,Minimum,1,NWISDV:08170990,5,NWISDV:00065,unknown,unknown,unknown,Derived Value,0,unknown,FALSE,-999999,-6,3/21/2010 6:00,30.03444444,-98.1261111,,nc,unknown,unknown,Unknown,Unknown
7,"Jacobs Well Spg nr Wimberley, TX","Gage height, feet",3/22/2010 0:00,3.14,unknown,Minimum,1,NWISDV:08170990,5,NWISDV:00065,unknown,unknown,unknown,Derived Value,0,unknown,FALSE,-999999,-6,3/22/2010 6:00,30.03444444,-98.1261111,,nc,unknown,unknown,Unknown,Unknown
7,"Jacobs Well Spg nr Wimberley, TX","Gage height, feet",3/23/2010 0:00,3.16,unknown,Minimum,1,NWISDV:08170990,5,NWISDV:00065,unknown,unknown,unknown,Derived Value,0,unknown,FALSE,-999999,-6,3/23/2010 6:00,30.03444444,-98.1261111,,nc,unknown,unknown,Unknown,Unknown
7,"Jacobs Well Spg nr Wimberley, TX","Gage height, feet",3/24/2010 0:00,3.16,unknown,Minimum,1,NWISDV:08170990,5,NWISDV:00065,unknown,unknown,unknown,Derived Value,0,unknown,FALSE,-999999,-6,3/24/2010 6:00,30.03444444,-98.1261111,,nc,unknown,unknown,Unknown,Unknown
7,"Jacobs Well Spg nr Wimberley, TX","Gage height, feet",3/25/2010 0:00,3.15,unknown,Minimum,1,NWISDV:08170990,5,NWISDV:00065,unknown,unknown,unknown,Derived Value,0,unknown,FALSE,-999999,-6,3/25/2010 6:00,30.03444444,-98.1261111,,nc,unknown,unknown,Unknown,Unknown
7,"Jacobs Well Spg nr Wimberley, TX","Gage height, feet",3/26/2010 0:00,3.14,unknown,Minimum,1,NWISDV:08170990,5,NWISDV:00065,unknown,unknown,unknown,Derived Value,0,unknown,FALSE,-999999,-6,3/26/2010 6:00,30.03444444,-98.1261111,,nc,unknown,unknown,Unknown,Unknown
7,"Jacobs Well Spg nr Wimberley, TX","Gage height, feet",3/27/2010 0:00,3.15,unknown,Minimum,1,NWISDV:08170990,5,NWISDV:00065,unknown,unknown,unknown,Derived Value,0,unknown,FALSE,-999999,-6,3/27/2010 6:00,30.03444444,-98.1261111,,nc,unknown,unknown,Unknown,Unknown
7,"Jacobs Well Spg nr Wimberley, TX","Gage height, feet",3/28/2010 0:00,3.14,unknown,Minimum,1,NWISDV:08170990,5,NWISDV:00065,unknown,unknown,unknown,Derived Value,0,unknown,FALSE,-999999,-6,3/28/2010 6:00,30.03444444,-98.1261111,,nc,unknown,unknown,Unknown,Unknown
7,"Jacobs Well Spg nr Wimberley, TX","Gage height, feet",3/29/2010 0:00,3.15,unknown,Minimum,1,NWISDV:08170990,5,NWISDV:00065,unknown,unknown,unknown,Derived Value,0,unknown,FALSE,-999999,-6,3/29/2010 6:00,30.03444444,-98.1261111,,nc,unknown,unknown,Unknown,Unknown
7,"Jacobs Well Spg nr Wimberley, TX","Gage height, feet",3/30/2010 0:00,3.15,unknown,Minimum,1,NWISDV:08170990,5,NWISDV:00065,unknown,unknown,unknown,Derived Value,0,unknown,FALSE,-999999,-6,3/30/2010 6:00,30.03444444,-98.1261111,,nc,unknown,unknown,Unknown,Unknown
7,"Jacobs Well Spg nr Wimberley, TX","Gage height, feet",3/31/2010 0:00,3.15,unknown,Minimum,1,NWISDV:08170990,5,NWISDV:00065,unknown,unknown,unknown,Derived Value,0,unknown,FALSE,-999999,-6,3/31/2010 6:00,30.03444444,-98.1261111,,nc,unknown,unknown,Unknown,Unknown
7,"Jacobs Well Spg nr Wimberley, TX","Gage height, feet",4/1/2010 0:00,3.15,unknown,Minimum,1,NWISDV:08170990,5,NWISDV:00065,unknown,unknown,unknown,Derived Value,0,unknown,FALSE,-999999,-6,4/1/2010 6:00,30.03444444,-98.1261111,,nc,unknown,unknown,Unknown,Unknown
7,"Jacobs Well Spg nr Wimberley, TX","Gage height, feet",4/2/2010 0:00,3.14,unknown,Minimum,1,NWISDV:08170990,5,NWISDV:00065,unknown,unknown,unknown,Derived Value,0,unknown,FALSE,-999999,-6,4/2/2010 6:00,30.03444444,-98.1261111,,nc,unknown,unknown,Unknown,Unknown
7,"Jacobs Well Spg nr Wimberley, TX","Gage height, feet",4/3/2010 0:00,3.13,unknown,Minimum,1,NWISDV:08170990,5,NWISDV:00065,unknown,unknown,unknown,Derived Value,0,unknown,FALSE,-999999,-6,4/3/2010 6:00,30.03444444,-98.1261111,,nc,unknown,unknown,Unknown,Unknown
7,"Jacobs Well Spg nr Wimberley, TX","Gage height, feet",4/4/2010 0:00,3.12,unknown,Minimum,1,NWISDV:08170990,5,NWISDV:00065,unknown,unknown,unknown,Derived Value,0,unknown,FALSE,-999999,-6,4/4/2010 6:00,30.03444444,-98.1261111,,nc,unknown,unknown,Unknown,Unknown
7,"Jacobs Well Spg nr Wimberley, TX","Gage height, feet",4/5/2010 0:00,3.11,unknown,Minimum,1,NWISDV:08170990,5,NWISDV:00065,unknown,unknown,unknown,Derived Value,0,unknown,FALSE,-999999,-6,4/5/2010 6:00,30.03444444,-98.1261111,,nc,unknown,unknown,Unknown,Unknown
7,"Jacobs Well Spg nr Wimberley, TX","Gage height, feet",4/6/2010 0:00,3.11,unknown,Minimum,1,NWISDV:08170990,5,NWISDV:00065,unknown,unknown,unknown,Derived Value,0,unknown,FALSE,-999999,-6,4/6/2010 6:00,30.03444444,-98.1261111,,nc,unknown,unknown,Unknown,Unknown
7,"Jacobs Well Spg nr Wimberley, TX","Gage height, feet",4/7/2010 0:00,3.07,unknown,Minimum,1,NWISDV:08170990,5,NWISDV:00065,unknown,unknown,unknown,Derived Value,0,unknown,FALSE,-999999,-6,4/7/2010 6:00,30.03444444,-98.1261111,,nc,unknown,unknown,Unknown,Unknown
7,"Jacobs Well Spg nr Wimberley, TX","Gage height, feet",4/8/2010 0:00,3.06,unknown,Minimum,1,NWISDV:08170990,5,NWISDV:00065,unknown,unknown,unknown,Derived Value,0,unknown,FALSE,-999999,-6,4/8/2010 6:00,30.03444444,-98.1261111,,nc,unknown,unknown,Unknown,Unknown
7,"Jacobs Well Spg nr Wimberley, TX","Gage height, feet",4/9/2010 0:00,3.06,unknown,Minimum,1,NWISDV:08170990,5,NWISDV:00065,unknown,unknown,unknown,Derived Value,0,unknown,FALSE,-999999,-6,4/9/2010 6:00,30.03444444,-98.1261111,,nc,unknown,unknown,Unknown,Unknown
7,"Jacobs Well Spg nr Wimberley, TX","Gage height, feet",4/10/2010 0:00,3.06,unknown,Minimum,1,NWISDV:08170990,5,NWISDV:00065,unknown,unknown,unknown,Derived Value,0,unknown,FALSE,-999999,-6,4/10/2010 6:00,30.03444444,-98.1261111,,nc,unknown,unknown,Unknown,Unknown
7,"Jacobs Well Spg nr Wimberley, TX","Gage height, feet",4/11/2010 0:00,3.05,unknown,Minimum,1,NWISDV:08170990,5,NWISDV:00065,unknown,unknown,unknown,Derived Value,0,unknown,FALSE,-999999,-6,4/11/2010 6:00,30.03444444,-98.1261111,,nc,unknown,unknown,Unknown,Unknown
7,"Jacobs Well Spg nr Wimberley, TX","Gage height, feet",4/12/2010 0:00,3.04,unknown,Minimum,1,NWISDV:08170990,5,NWISDV:00065,unknown,unknown,unknown,Derived Value,0,unknown,FALSE,-999999,-6,4/12/2010 6:00,30.03444444,-98.1261111,,nc,unknown,unknown,Unknown,Unknown
7,"Jacobs Well Spg nr Wimberley, TX","Gage height, feet",4/13/2010 0:00,3.04,unknown,Minimum,1,NWISDV:08170990,5,NWISDV:00065,unknown,unknown,unknown,Derived Value,0,unknown,FALSE,-999999,-6,4/13/2010 6:00,30.03444444,-98.1261111,,nc,unknown,unknown,Unknown,Unknown
7,"Jacobs Well Spg nr Wimberley, TX","Gage height, feet",4/14/2010 0:00,3.03,unknown,Minimum,1,NWISDV:08170990,5,NWISDV:00065,unknown,unknown,unknown,Derived Value,0,unknown,FALSE,-999999,-6,4/14/2010 6:00,30.03444444,-98.1261111,,nc,unknown,unknown,Unknown,Unknown
7,"Jacobs Well Spg nr Wimberley, TX","Gage height, feet",4/15/2010 0:00,3.02,unknown,Minimum,1,NWISDV:08170990,5,NWISDV:00065,unknown,unknown,unknown,Derived Value,0,unknown,FALSE,-999999,-6,4/15/2010 6:00,30.03444444,-98.1261111,,nc,unknown,unknown,Unknown,Unknown
7,"Jacobs Well Spg nr Wimberley, TX","Gage height, feet",4/16/2010 0:00,3.02,unknown,Minimum,1,NWISDV:08170990,5,NWISDV:00065,unknown,unknown,unknown,Derived Value,0,unknown,FALSE,-999999,-6,4/16/2010 6:00,30.03444444,-98.1261111,,nc,unknown,unknown,Unknown,Unknown
7,"Jacobs Well Spg nr Wimberley, TX","Gage height, feet",4/17/2010 0:00,3.02,unknown,Minimum,1,NWISDV:08170990,5,NWISDV:00065,unknown,unknown,unknown,Derived Value,0,unknown,FALSE,-999999,-6,4/17/2010 6:00,30.03444444,-98.1261111,,nc,unknown,unknown,Unknown,Unknown
7,"Jacobs Well Spg nr Wimberley, TX","Gage height, feet",4/18/2010 0:00,3.1,unknown,Minimum,1,NWISDV:08170990,5,NWISDV:00065,unknown,unknown,unknown,Derived Value,0,unknown,FALSE,-999999,-6,4/18/2010 6:00,30.03444444,-98.1261111,,nc,unknown,unknown,Unknown,Unknown
7,"Jacobs Well Spg nr Wimberley, TX","Gage height, feet",4/19/2010 0:00,3.08,unknown,Minimum,1,NWISDV:08170990,5,NWISDV:00065,unknown,unknown,unknown,Derived Value,0,unknown,FALSE,-999999,-6,4/19/2010 6:00,30.03444444,-98.1261111,,nc,unknown,unknown,Unknown,Unknown
7,"Jacobs Well Spg nr Wimberley, TX","Gage height, feet",4/20/2010 0:00,3.07,unknown,Minimum,1,NWISDV:08170990,5,NWISDV:00065,unknown,unknown,unknown,Derived Value,0,unknown,FALSE,-999999,-6,4/20/2010 6:00,30.03444444,-98.1261111,,nc,unknown,unknown,Unknown,Unknown
7,"Jacobs Well Spg nr Wimberley, TX","Gage height, feet",4/21/2010 0:00,3.06,unknown,Minimum,1,NWISDV:08170990,5,NWISDV:00065,unknown,unknown,unknown,Derived Value,0,unknown,FALSE,-999999,-6,4/21/2010 6:00,30.03444444,-98.1261111,,nc,unknown,unknown,Unknown,Unknown
7,"Jacobs Well Spg nr Wimberley, TX","Gage height, feet",4/22/2010 0:00,3.05,unknown,Minimum,1,NWISDV:08170990,5,NWISDV:00065,unknown,unknown,unknown,Derived Value,0,unknown,FALSE,-999999,-6,4/22/2010 6:00,30.03444444,-98.1261111,,nc,unknown,unknown,Unknown,Unknown
7,"Jacobs Well Spg nr Wimberley, TX","Gage height, feet",4/23/2010 0:00,3.05,unknown,Minimum,1,NWISDV:08170990,5,NWISDV:00065,unknown,unknown,unknown,Derived Value,0,unknown,FALSE,-999999,-6,4/23/2010 6:00,30.03444444,-98.1261111,,nc,unknown,unknown,Unknown,Unknown
7,"Jacobs Well Spg nr Wimberley, TX","Gage height, feet",4/24/2010 0:00,3.04,unknown,Minimum,1,NWISDV:08170990,5,NWISDV:00065,unknown,unknown,unknown,Derived Value,0,unknown,FALSE,-999999,-6,4/24/2010 6:00,30.03444444,-98.1261111,,nc,unknown,unknown,Unknown,Unknown
7,"Jacobs Well Spg nr Wimberley, TX","Gage height, feet",4/25/2010 0:00,3,unknown,Minimum,1,NWISDV:08170990,5,NWISDV:00065,unknown,unknown,unknown,Derived Value,0,unknown,FALSE,-999999,-6,4/25/2010 6:00,30.03444444,-98.1261111,,nc,unknown,unknown,Unknown,Unknown
7,"Jacobs Well Spg nr Wimberley, TX","Gage height, feet",4/26/2010 0:00,2.99,unknown,Minimum,1,NWISDV:08170990,5,NWISDV:00065,unknown,unknown,unknown,Derived Value,0,unknown,FALSE,-999999,-6,4/26/2010 6:00,30.03444444,-98.1261111,,nc,unknown,unknown,Unknown,Unknown
7,"Jacobs Well Spg nr Wimberley, TX","Gage height, feet",4/27/2010 0:00,2.98,unknown,Minimum,1,NWISDV:08170990,5,NWISDV:00065,unknown,unknown,unknown,Derived Value,0,unknown,FALSE,-999999,-6,4/27/2010 6:00,30.03444444,-98.1261111,,nc,unknown,unknown,Unknown,Unknown
7,"Jacobs Well Spg nr Wimberley, TX","Gage height, feet",4/28/2010 0:00,2.98,unknown,Minimum,1,NWISDV:08170990,5,NWISDV:00065,unknown,unknown,unknown,Derived Value,0,unknown,FALSE,-999999,-6,4/28/2010 6:00,30.03444444,-98.1261111,,nc,unknown,unknown,Unknown,Unknown
7,"Jacobs Well Spg nr Wimberley, TX","Gage height, feet",4/29/2010 0:00,2.98,unknown,Minimum,1,NWISDV:08170990,5,NWISDV:00065,unknown,unknown,unknown,Derived Value,0,unknown,FALSE,-999999,-6,4/29/2010 6:00,30.03444444,-98.1261111,,nc,unknown,unknown,Unknown,Unknown
7,"Jacobs Well Spg nr Wimberley, TX","Gage height, feet",4/30/2010 0:00,2.97,unknown,Minimum,1,NWISDV:08170990,5,NWISDV:00065,unknown,unknown,unknown,Derived Value,0,unknown,FALSE,-999999,-6,4/30/2010 6:00,30.03444444,-98.1261111,,nc,unknown,unknown,Unknown,Unknown
7,"Jacobs Well Spg nr Wimberley, TX","Gage height, feet",5/1/2010 0:00,2.97,unknown,Minimum,1,NWISDV:08170990,5,NWISDV:00065,unknown,unknown,unknown,Derived Value,0,unknown,FALSE,-999999,-6,5/1/2010 6:00,30.03444444,-98.1261111,,nc,unknown,unknown,Unknown,Unknown
7,"Jacobs Well Spg nr Wimberley, TX","Gage height, feet",5/2/2010 0:00,2.95,unknown,Minimum,1,NWISDV:08170990,5,NWISDV:00065,unknown,unknown,unknown,Derived Value,0,unknown,FALSE,-999999,-6,5/2/2010 6:00,30.03444444,-98.1261111,,nc,unknown,unknown,Unknown,Unknown
7,"Jacobs Well Spg nr Wimberley, TX","Gage height, feet",5/3/2010 0:00,2.94,unknown,Minimum,1,NWISDV:08170990,5,NWISDV:00065,unknown,unknown,unknown,Derived Value,0,unknown,FALSE,-999999,-6,5/3/2010 6:00,30.03444444,-98.1261111,,nc,unknown,unknown,Unknown,Unknown
7,"Jacobs Well Spg nr Wimberley, TX","Gage height, feet",5/4/2010 0:00,2.95,unknown,Minimum,1,NWISDV:08170990,5,NWISDV:00065,unknown,unknown,unknown,Derived Value,0,unknown,FALSE,-999999,-6,5/4/2010 6:00,30.03444444,-98.1261111,,nc,unknown,unknown,Unknown,Unknown
7,"Jacobs Well Spg nr Wimberley, TX","Gage height, feet",5/5/2010 0:00,2.93,unknown,Minimum,1,NWISDV:08170990,5,NWISDV:00065,unknown,unknown,unknown,Derived Value,0,unknown,FALSE,-999999,-6,5/5/2010 6:00,30.03444444,-98.1261111,,nc,unknown,unknown,Unknown,Unknown
7,"Jacobs Well Spg nr Wimberley, TX","Gage height, feet",5/6/2010 0:00,2.93,unknown,Minimum,1,NWISDV:08170990,5,NWISDV:00065,unknown,unknown,unknown,Derived Value,0,unknown,FALSE,-999999,-6,5/6/2010 6:00,30.03444444,-98.1261111,,nc,unknown,unknown,Unknown,Unknown
7,"Jacobs Well Spg nr Wimberley, TX","Gage height, feet",5/7/2010 0:00,2.91,unknown,Minimum,1,NWISDV:08170990,5,NWISDV:00065,unknown,unknown,unknown,Derived Value,0,unknown,FALSE,-999999,-6,5/7/2010 6:00,30.03444444,-98.1261111,,nc,unknown,unknown,Unknown,Unknown
7,"Jacobs Well Spg nr Wimberley, TX","Gage height, feet",5/8/2010 0:00,2.91,unknown,Minimum,1,NWISDV:08170990,5,NWISDV:00065,unknown,unknown,unknown,Derived Value,0,unknown,FALSE,-999999,-6,5/8/2010 6:00,30.03444444,-98.1261111,,nc,unknown,unknown,Unknown,Unknown
7,"Jacobs Well Spg nr Wimberley, TX","Gage height, feet",5/9/2010 0:00,2.92,unknown,Minimum,1,NWISDV:08170990,5,NWISDV:00065,unknown,unknown,unknown,Derived Value,0,unknown,FALSE,-999999,-6,5/9/2010 6:00,30.03444444,-98.1261111,,nc,unknown,unknown,Unknown,Unknown
7,"Jacobs Well Spg nr Wimberley, TX","Gage height, feet",5/10/2010 0:00,2.91,unknown,Minimum,1,NWISDV:08170990,5,NWISDV:00065,unknown,unknown,unknown,Derived Value,0,unknown,FALSE,-999999,-6,5/10/2010 6:00,30.03444444,-98.1261111,,nc,unknown,unknown,Unknown,Unknown
7,"Jacobs Well Spg nr Wimberley, TX","Gage height, feet",5/11/2010 0:00,2.91,unknown,Minimum,1,NWISDV:08170990,5,NWISDV:00065,unknown,unknown,unknown,Derived Value,0,unknown,FALSE,-999999,-6,5/11/2010 6:00,30.03444444,-98.1261111,,nc,unknown,unknown,Unknown,Unknown
7,"Jacobs Well Spg nr Wimberley, TX","Gage height, feet",5/12/2010 0:00,2.88,unknown,Minimum,1,NWISDV:08170990,5,NWISDV:00065,unknown,unknown,unknown,Derived Value,0,unknown,FALSE,-999999,-6,5/12/2010 6:00,30.03444444,-98.1261111,,nc,unknown,unknown,Unknown,Unknown
7,"Jacobs Well Spg nr Wimberley, TX","Gage height, feet",5/13/2010 0:00,2.89,unknown,Minimum,1,NWISDV:08170990,5,NWISDV:00065,unknown,unknown,unknown,Derived Value,0,unknown,FALSE,-999999,-6,5/13/2010 6:00,30.03444444,-98.1261111,,nc,unknown,unknown,Unknown,Unknown
7,"Jacobs Well Spg nr Wimberley, TX","Gage height, feet",5/14/2010 0:00,2.89,unknown,Minimum,1,NWISDV:08170990,5,NWISDV:00065,unknown,unknown,unknown,Derived Value,0,unknown,FALSE,-999999,-6,5/14/2010 6:00,30.03444444,-98.1261111,,nc,unknown,unknown,Unknown,Unknown
7,"Jacobs Well Spg nr Wimberley, TX","Gage height, feet",5/15/2010 0:00,2.91,unknown,Minimum,1,NWISDV:08170990,5,NWISDV:00065,unknown,unknown,unknown,Derived Value,0,unknown,FALSE,-999999,-6,5/15/2010 6:00,30.03444444,-98.1261111,,nc,unknown,unknown,Unknown,Unknown
7,"Jacobs Well Spg nr Wimberley, TX","Gage height, feet",5/16/2010 0:00,3,unknown,Minimum,1,NWISDV:08170990,5,NWISDV:00065,unknown,unknown,unknown,Derived Value,0,unknown,FALSE,-999999,-6,5/16/2010 6:00,30.03444444,-98.1261111,,nc,unknown,unknown,Unknown,Unknown
7,"Jacobs Well Spg nr Wimberley, TX","Gage height, feet",5/17/2010 0:00,2.99,unknown,Minimum,1,NWISDV:08170990,5,NWISDV:00065,unknown,unknown,unknown,Derived Value,0,unknown,FALSE,-999999,-6,5/17/2010 6:00,30.03444444,-98.1261111,,nc,unknown,unknown,Unknown,Unknown
7,"Jacobs Well Spg nr Wimberley, TX","Gage height, feet",5/18/2010 0:00,3,unknown,Minimum,1,NWISDV:08170990,5,NWISDV:00065,unknown,unknown,unknown,Derived Value,0,unknown,FALSE,-999999,-6,5/18/2010 6:00,30.03444444,-98.1261111,,nc,unknown,unknown,Unknown,Unknown
7,"Jacobs Well Spg nr Wimberley, TX","Gage height, feet",5/19/2010 0:00,2.99,unknown,Minimum,1,NWISDV:08170990,5,NWISDV:00065,unknown,unknown,unknown,Derived Value,0,unknown,FALSE,-999999,-6,5/19/2010 6:00,30.03444444,-98.1261111,,nc,unknown,unknown,Unknown,Unknown
7,"Jacobs Well Spg nr Wimberley, TX","Gage height, feet",5/20/2010 0:00,2.98,unknown,Minimum,1,NWISDV:08170990,5,NWISDV:00065,unknown,unknown,unknown,Derived Value,0,unknown,FALSE,-999999,-6,5/20/2010 6:00,30.03444444,-98.1261111,,nc,unknown,unknown,Unknown,Unknown
7,"Jacobs Well Spg nr Wimberley, TX","Gage height, feet",5/21/2010 0:00,2.97,unknown,Minimum,1,NWISDV:08170990,5,NWISDV:00065,unknown,unknown,unknown,Derived Value,0,unknown,FALSE,-999999,-6,5/21/2010 6:00,30.03444444,-98.1261111,,nc,unknown,unknown,Unknown,Unknown
7,"Jacobs Well Spg nr Wimberley, TX","Gage height, feet",5/22/2010 0:00,2.97,unknown,Minimum,1,NWISDV:08170990,5,NWISDV:00065,unknown,unknown,unknown,Derived Value,0,unknown,FALSE,-999999,-6,5/22/2010 6:00,30.03444444,-98.1261111,,nc,unknown,unknown,Unknown,Unknown
7,"Jacobs Well Spg nr Wimberley, TX","Gage height, feet",5/23/2010 0:00,2.96,unknown,Minimum,1,NWISDV:08170990,5,NWISDV:00065,unknown,unknown,unknown,Derived Value,0,unknown,FALSE,-999999,-6,5/23/2010 6:00,30.03444444,-98.1261111,,nc,unknown,unknown,Unknown,Unknown
7,"Jacobs Well Spg nr Wimberley, TX","Gage height, feet",5/24/2010 0:00,2.94,unknown,Minimum,1,NWISDV:08170990,5,NWISDV:00065,unknown,unknown,unknown,Derived Value,0,unknown,FALSE,-999999,-6,5/24/2010 6:00,30.03444444,-98.1261111,,nc,unknown,unknown,Unknown,Unknown
7,"Jacobs Well Spg nr Wimberley, TX","Gage height, feet",5/25/2010 0:00,2.94,unknown,Minimum,1,NWISDV:08170990,5,NWISDV:00065,unknown,unknown,unknown,Derived Value,0,unknown,FALSE,-999999,-6,5/25/2010 6:00,30.03444444,-98.1261111,,nc,unknown,unknown,Unknown,Unknown
7,"Jacobs Well Spg nr Wimberley, TX","Gage height, feet",5/26/2010 0:00,2.93,unknown,Minimum,1,NWISDV:08170990,5,NWISDV:00065,unknown,unknown,unknown,Derived Value,0,unknown,FALSE,-999999,-6,5/26/2010 6:00,30.03444444,-98.1261111,,nc,unknown,unknown,Unknown,Unknown
7,"Jacobs Well Spg nr Wimberley, TX","Gage height, feet",5/27/2010 0:00,2.93,unknown,Minimum,1,NWISDV:08170990,5,NWISDV:00065,unknown,unknown,unknown,Derived Value,0,unknown,FALSE,-999999,-6,5/27/2010 6:00,30.03444444,-98.1261111,,nc,unknown,unknown,Unknown,Unknown
7,"Jacobs Well Spg nr Wimberley, TX","Gage height, feet",5/28/2010 0:00,2.9,unknown,Minimum,1,NWISDV:08170990,5,NWISDV:00065,unknown,unknown,unknown,Derived Value,0,unknown,FALSE,-999999,-6,5/28/2010 6:00,30.03444444,-98.1261111,,nc,unknown,unknown,Unknown,Unknown
7,"Jacobs Well Spg nr Wimberley, TX","Gage height, feet",5/29/2010 0:00,2.9,unknown,Minimum,1,NWISDV:08170990,5,NWISDV:00065,unknown,unknown,unknown,Derived Value,0,unknown,FALSE,-999999,-6,5/29/2010 6:00,30.03444444,-98.1261111,,nc,unknown,unknown,Unknown,Unknown
7,"Jacobs Well Spg nr Wimberley, TX","Gage height, feet",5/30/2010 0:00,2.88,unknown,Minimum,1,NWISDV:08170990,5,NWISDV:00065,unknown,unknown,unknown,Derived Value,0,unknown,FALSE,-999999,-6,5/30/2010 6:00,30.03444444,-98.1261111,,nc,unknown,unknown,Unknown,Unknown
7,"Jacobs Well Spg nr Wimberley, TX","Gage height, feet",5/31/2010 0:00,2.87,unknown,Minimum,1,NWISDV:08170990,5,NWISDV:00065,unknown,unknown,unknown,Derived Value,0,unknown,FALSE,-999999,-6,5/31/2010 6:00,30.03444444,-98.1261111,,nc,unknown,unknown,Unknown,Unknown
7,"Jacobs Well Spg nr Wimberley, TX","Gage height, feet",6/1/2010 0:00,2.87,unknown,Minimum,1,NWISDV:08170990,5,NWISDV:00065,unknown,unknown,unknown,Derived Value,0,unknown,FALSE,-999999,-6,6/1/2010 6:00,30.03444444,-98.1261111,,nc,unknown,unknown,Unknown,Unknown
7,"Jacobs Well Spg nr Wimberley, TX","Gage height, feet",6/2/2010 0:00,2.87,unknown,Minimum,1,NWISDV:08170990,5,NWISDV:00065,unknown,unknown,unknown,Derived Value,0,unknown,FALSE,-999999,-6,6/2/2010 6:00,30.03444444,-98.1261111,,nc,unknown,unknown,Unknown,Unknown
7,"Jacobs Well Spg nr Wimberley, TX","Gage height, feet",6/3/2010 0:00,2.89,unknown,Minimum,1,NWISDV:08170990,5,NWISDV:00065,unknown,unknown,unknown,Derived Value,0,unknown,FALSE,-999999,-6,6/3/2010 6:00,30.03444444,-98.1261111,,nc,unknown,unknown,Unknown,Unknown
7,"Jacobs Well Spg nr Wimberley, TX","Gage height, feet",6/4/2010 0:00,2.88,unknown,Minimum,1,NWISDV:08170990,5,NWISDV:00065,unknown,unknown,unknown,Derived Value,0,unknown,FALSE,-999999,-6,6/4/2010 6:00,30.03444444,-98.1261111,,nc,unknown,unknown,Unknown,Unknown
7,"Jacobs Well Spg nr Wimberley, TX","Gage height, feet",6/5/2010 0:00,2.88,unknown,Minimum,1,NWISDV:08170990,5,NWISDV:00065,unknown,unknown,unknown,Derived Value,0,unknown,FALSE,-999999,-6,6/5/2010 6:00,30.03444444,-98.1261111,,nc,unknown,unknown,Unknown,Unknown
7,"Jacobs Well Spg nr Wimberley, TX","Gage height, feet",6/6/2010 0:00,2.86,unknown,Minimum,1,NWISDV:08170990,5,NWISDV:00065,unknown,unknown,unknown,Derived Value,0,unknown,FALSE,-999999,-6,6/6/2010 6:00,30.03444444,-98.1261111,,nc,unknown,unknown,Unknown,Unknown
7,"Jacobs Well Spg nr Wimberley, TX","Gage height, feet",6/7/2010 0:00,2.87,unknown,Minimum,1,NWISDV:08170990,5,NWISDV:00065,unknown,unknown,unknown,Derived Value,0,unknown,FALSE,-999999,-6,6/7/2010 6:00,30.03444444,-98.1261111,,nc,unknown,unknown,Unknown,Unknown
7,"Jacobs Well Spg nr Wimberley, TX","Gage height, feet",6/8/2010 0:00,2.86,unknown,Minimum,1,NWISDV:08170990,5,NWISDV:00065,unknown,unknown,unknown,Derived Value,0,unknown,FALSE,-999999,-6,6/8/2010 6:00,30.03444444,-98.1261111,,nc,unknown,unknown,Unknown,Unknown
7,"Jacobs Well Spg nr Wimberley, TX","Gage height, feet",6/9/2010 0:00,2.87,unknown,Minimum,1,NWISDV:08170990,5,NWISDV:00065,unknown,unknown,unknown,Derived Value,0,unknown,FALSE,-999999,-6,6/9/2010 6:00,30.03444444,-98.1261111,,nc,unknown,unknown,Unknown,Unknown
7,"Jacobs Well Spg nr Wimberley, TX","Gage height, feet",6/10/2010 0:00,2.87,unknown,Minimum,1,NWISDV:08170990,5,NWISDV:00065,unknown,unknown,unknown,Derived Value,0,unknown,FALSE,-999999,-6,6/10/2010 6:00,30.03444444,-98.1261111,,nc,unknown,unknown,Unknown,Unknown
7,"Jacobs Well Spg nr Wimberley, TX","Gage height, feet",6/11/2010 0:00,2.87,unknown,Minimum,1,NWISDV:08170990,5,NWISDV:00065,unknown,unknown,unknown,Derived Value,0,unknown,FALSE,-999999,-6,6/11/2010 6:00,30.03444444,-98.1261111,,nc,unknown,unknown,Unknown,Unknown
7,"Jacobs Well Spg nr Wimberley, TX","Gage height, feet",6/12/2010 0:00,2.85,unknown,Minimum,1,NWISDV:08170990,5,NWISDV:00065,unknown,unknown,unknown,Derived Value,0,unknown,FALSE,-999999,-6,6/12/2010 6:00,30.03444444,-98.1261111,,nc,unknown,unknown,Unknown,Unknown
7,"Jacobs Well Spg nr Wimberley, TX","Gage height, feet",6/13/2010 0:00,2.85,unknown,Minimum,1,NWISDV:08170990,5,NWISDV:00065,unknown,unknown,unknown,Derived Value,0,unknown,FALSE,-999999,-6,6/13/2010 6:00,30.03444444,-98.1261111,,nc,unknown,unknown,Unknown,Unknown
7,"Jacobs Well Spg nr Wimberley, TX","Gage height, feet",6/14/2010 0:00,2.85,unknown,Minimum,1,NWISDV:08170990,5,NWISDV:00065,unknown,unknown,unknown,Derived Value,0,unknown,FALSE,-999999,-6,6/14/2010 6:00,30.03444444,-98.1261111,,nc,unknown,unknown,Unknown,Unknown
7,"Jacobs Well Spg nr Wimberley, TX","Gage height, feet",6/15/2010 0:00,2.83,unknown,Minimum,1,NWISDV:08170990,5,NWISDV:00065,unknown,unknown,unknown,Derived Value,0,unknown,FALSE,-999999,-6,6/15/2010 6:00,30.03444444,-98.1261111,,nc,unknown,unknown,Unknown,Unknown
7,"Jacobs Well Spg nr Wimberley, TX","Gage height, feet",6/16/2010 0:00,2.83,unknown,Minimum,1,NWISDV:08170990,5,NWISDV:00065,unknown,unknown,unknown,Derived Value,0,unknown,FALSE,-999999,-6,6/16/2010 6:00,30.03444444,-98.1261111,,nc,unknown,unknown,Unknown,Unknown
7,"Jacobs Well Spg nr Wimberley, TX","Gage height, feet",6/17/2010 0:00,2.83,unknown,Minimum,1,NWISDV:08170990,5,NWISDV:00065,unknown,unknown,unknown,Derived Value,0,unknown,FALSE,-999999,-6,6/17/2010 6:00,30.03444444,-98.1261111,,nc,unknown,unknown,Unknown,Unknown
7,"Jacobs Well Spg nr Wimberley, TX","Gage height, feet",6/18/2010 0:00,2.82,unknown,Minimum,1,NWISDV:08170990,5,NWISDV:00065,unknown,unknown,unknown,Derived Value,0,unknown,FALSE,-999999,-6,6/18/2010 6:00,30.03444444,-98.1261111,,nc,unknown,unknown,Unknown,Unknown
7,"Jacobs Well Spg nr Wimberley, TX","Gage height, feet",6/19/2010 0:00,2.82,unknown,Minimum,1,NWISDV:08170990,5,NWISDV:00065,unknown,unknown,unknown,Derived Value,0,unknown,FALSE,-999999,-6,6/19/2010 6:00,30.03444444,-98.1261111,,nc,unknown,unknown,Unknown,Unknown
7,"Jacobs Well Spg nr Wimberley, TX","Gage height, feet",6/20/2010 0:00,2.81,unknown,Minimum,1,NWISDV:08170990,5,NWISDV:00065,unknown,unknown,unknown,Derived Value,0,unknown,FALSE,-999999,-6,6/20/2010 6:00,30.03444444,-98.1261111,,nc,unknown,unknown,Unknown,Unknown
7,"Jacobs Well Spg nr Wimberley, TX","Gage height, feet",6/21/2010 0:00,2.81,unknown,Minimum,1,NWISDV:08170990,5,NWISDV:00065,unknown,unknown,unknown,Derived Value,0,unknown,FALSE,-999999,-6,6/21/2010 6:00,30.03444444,-98.1261111,,nc,unknown,unknown,Unknown,Unknown
7,"Jacobs Well Spg nr Wimberley, TX","Gage height, feet",6/22/2010 0:00,2.81,unknown,Minimum,1,NWISDV:08170990,5,NWISDV:00065,unknown,unknown,unknown,Derived Value,0,unknown,FALSE,-999999,-6,6/22/2010 6:00,30.03444444,-98.1261111,,nc,unknown,unknown,Unknown,Unknown
7,"Jacobs Well Spg nr Wimberley, TX","Gage height, feet",6/23/2010 0:00,2.8,unknown,Minimum,1,NWISDV:08170990,5,NWISDV:00065,unknown,unknown,unknown,Derived Value,0,unknown,FALSE,-999999,-6,6/23/2010 6:00,30.03444444,-98.1261111,,nc,unknown,unknown,Unknown,Unknown
7,"Jacobs Well Spg nr Wimberley, TX","Gage height, feet",6/24/2010 0:00,2.79,unknown,Minimum,1,NWISDV:08170990,5,NWISDV:00065,unknown,unknown,unknown,Derived Value,0,unknown,FALSE,-999999,-6,6/24/2010 6:00,30.03444444,-98.1261111,,nc,unknown,unknown,Unknown,Unknown
7,"Jacobs Well Spg nr Wimberley, TX","Gage height, feet",6/25/2010 0:00,2.78,unknown,Minimum,1,NWISDV:08170990,5,NWISDV:00065,unknown,unknown,unknown,Derived Value,0,unknown,FALSE,-999999,-6,6/25/2010 6:00,30.03444444,-98.1261111,,nc,unknown,unknown,Unknown,Unknown
7,"Jacobs Well Spg nr Wimberley, TX","Gage height, feet",6/26/2010 0:00,2.78,unknown,Minimum,1,NWISDV:08170990,5,NWISDV:00065,unknown,unknown,unknown,Derived Value,0,unknown,FALSE,-999999,-6,6/26/2010 6:00,30.03444444,-98.1261111,,nc,unknown,unknown,Unknown,Unknown
7,"Jacobs Well Spg nr Wimberley, TX","Gage height, feet",6/27/2010 0:00,2.78,unknown,Minimum,1,NWISDV:08170990,5,NWISDV:00065,unknown,unknown,unknown,Derived Value,0,unknown,FALSE,-999999,-6,6/27/2010 6:00,30.03444444,-98.1261111,,nc,unknown,unknown,Unknown,Unknown
7,"Jacobs Well Spg nr Wimberley, TX","Gage height, feet",6/28/2010 0:00,2.78,unknown,Minimum,1,NWISDV:08170990,5,NWISDV:00065,unknown,unknown,unknown,Derived Value,0,unknown,FALSE,-999999,-6,6/28/2010 6:00,30.03444444,-98.1261111,,nc,unknown,unknown,Unknown,Unknown
7,"Jacobs Well Spg nr Wimberley, TX","Gage height, feet",6/29/2010 0:00,2.79,unknown,Minimum,1,NWISDV:08170990,5,NWISDV:00065,unknown,unknown,unknown,Derived Value,0,unknown,FALSE,-999999,-6,6/29/2010 6:00,30.03444444,-98.1261111,,nc,unknown,unknown,Unknown,Unknown
7,"Jacobs Well Spg nr Wimberley, TX","Gage height, feet",6/30/2010 0:00,2.82,unknown,Minimum,1,NWISDV:08170990,5,NWISDV:00065,unknown,unknown,unknown,Derived Value,0,unknown,FALSE,-999999,-6,6/30/2010 6:00,30.03444444,-98.1261111,,nc,unknown,unknown,Unknown,Unknown
7,"Jacobs Well Spg nr Wimberley, TX","Gage height, feet",7/1/2010 0:00,2.8,unknown,Minimum,1,NWISDV:08170990,5,NWISDV:00065,unknown,unknown,unknown,Derived Value,0,unknown,FALSE,-999999,-6,7/1/2010 6:00,30.03444444,-98.1261111,,nc,unknown,unknown,Unknown,Unknown
7,"Jacobs Well Spg nr Wimberley, TX","Gage height, feet",7/2/2010 0:00,2.8,unknown,Minimum,1,NWISDV:08170990,5,NWISDV:00065,unknown,unknown,unknown,Derived Value,0,unknown,FALSE,-999999,-6,7/2/2010 6:00,30.03444444,-98.1261111,,nc,unknown,unknown,Unknown,Unknown
7,"Jacobs Well Spg nr Wimberley, TX","Gage height, feet",7/3/2010 0:00,2.86,unknown,Minimum,1,NWISDV:08170990,5,NWISDV:00065,unknown,unknown,unknown,Derived Value,0,unknown,FALSE,-999999,-6,7/3/2010 6:00,30.03444444,-98.1261111,,nc,unknown,unknown,Unknown,Unknown
7,"Jacobs Well Spg nr Wimberley, TX","Gage height, feet",7/4/2010 0:00,2.83,unknown,Minimum,1,NWISDV:08170990,5,NWISDV:00065,unknown,unknown,unknown,Derived Value,0,unknown,FALSE,-999999,-6,7/4/2010 6:00,30.03444444,-98.1261111,,nc,unknown,unknown,Unknown,Unknown
7,"Jacobs Well Spg nr Wimberley, TX","Gage height, feet",7/6/2010 0:00,2.82,unknown,Minimum,1,NWISDV:08170990,5,NWISDV:00065,unknown,unknown,unknown,Derived Value,0,unknown,FALSE,-999999,-6,7/6/2010 6:00,30.03444444,-98.1261111,,nc,unknown,unknown,Unknown,Unknown
7,"Jacobs Well Spg nr Wimberley, TX","Gage height, feet",7/7/2010 0:00,2.8,unknown,Minimum,1,NWISDV:08170990,5,NWISDV:00065,unknown,unknown,unknown,Derived Value,0,unknown,FALSE,-999999,-6,7/7/2010 6:00,30.03444444,-98.1261111,,nc,unknown,unknown,Unknown,Unknown
7,"Jacobs Well Spg nr Wimberley, TX","Gage height, feet",7/8/2010 0:00,2.79,unknown,Minimum,1,NWISDV:08170990,5,NWISDV:00065,unknown,unknown,unknown,Derived Value,0,unknown,FALSE,-999999,-6,7/8/2010 6:00,30.03444444,-98.1261111,,nc,unknown,unknown,Unknown,Unknown
7,"Jacobs Well Spg nr Wimberley, TX","Gage height, feet",7/9/2010 0:00,2.8,unknown,Minimum,1,NWISDV:08170990,5,NWISDV:00065,unknown,unknown,unknown,Derived Value,0,unknown,FALSE,-999999,-6,7/9/2010 6:00,30.03444444,-98.1261111,,nc,unknown,unknown,Unknown,Unknown
7,"Jacobs Well Spg nr Wimberley, TX","Gage height, feet",7/10/2010 0:00,2.93,unknown,Minimum,1,NWISDV:08170990,5,NWISDV:00065,unknown,unknown,unknown,Derived Value,0,unknown,FALSE,-999999,-6,7/10/2010 6:00,30.03444444,-98.1261111,,nc,unknown,unknown,Unknown,Unknown
7,"Jacobs Well Spg nr Wimberley, TX","Gage height, feet",7/11/2010 0:00,2.9,unknown,Minimum,1,NWISDV:08170990,5,NWISDV:00065,unknown,unknown,unknown,Derived Value,0,unknown,FALSE,-999999,-6,7/11/2010 6:00,30.03444444,-98.1261111,,nc,unknown,unknown,Unknown,Unknown
7,"Jacobs Well Spg nr Wimberley, TX","Gage height, feet",7/12/2010 0:00,2.88,unknown,Minimum,1,NWISDV:08170990,5,NWISDV:00065,unknown,unknown,unknown,Derived Value,0,unknown,FALSE,-999999,-6,7/12/2010 6:00,30.03444444,-98.1261111,,nc,unknown,unknown,Unknown,Unknown
7,"Jacobs Well Spg nr Wimberley, TX","Gage height, feet",7/13/2010 0:00,2.87,unknown,Minimum,1,NWISDV:08170990,5,NWISDV:00065,unknown,unknown,unknown,Derived Value,0,unknown,FALSE,-999999,-6,7/13/2010 6:00,30.03444444,-98.1261111,,nc,unknown,unknown,Unknown,Unknown
7,"Jacobs Well Spg nr Wimberley, TX","Gage height, feet",7/14/2010 0:00,2.85,unknown,Minimum,1,NWISDV:08170990,5,NWISDV:00065,unknown,unknown,unknown,Derived Value,0,unknown,FALSE,-999999,-6,7/14/2010 6:00,30.03444444,-98.1261111,,nc,unknown,unknown,Unknown,Unknown
7,"Jacobs Well Spg nr Wimberley, TX","Gage height, feet",7/15/2010 0:00,2.84,unknown,Minimum,1,NWISDV:08170990,5,NWISDV:00065,unknown,unknown,unknown,Derived Value,0,unknown,FALSE,-999999,-6,7/15/2010 6:00,30.03444444,-98.1261111,,nc,unknown,unknown,Unknown,Unknown
7,"Jacobs Well Spg nr Wimberley, TX","Gage height, feet",7/16/2010 0:00,2.84,unknown,Minimum,1,NWISDV:08170990,5,NWISDV:00065,unknown,unknown,unknown,Derived Value,0,unknown,FALSE,-999999,-6,7/16/2010 6:00,30.03444444,-98.1261111,,nc,unknown,unknown,Unknown,Unknown
7,"Jacobs Well Spg nr Wimberley, TX","Gage height, feet",7/17/2010 0:00,2.84,unknown,Minimum,1,NWISDV:08170990,5,NWISDV:00065,unknown,unknown,unknown,Derived Value,0,unknown,FALSE,-999999,-6,7/17/2010 6:00,30.03444444,-98.1261111,,nc,unknown,unknown,Unknown,Unknown
7,"Jacobs Well Spg nr Wimberley, TX","Gage height, feet",7/18/2010 0:00,2.83,unknown,Minimum,1,NWISDV:08170990,5,NWISDV:00065,unknown,unknown,unknown,Derived Value,0,unknown,FALSE,-999999,-6,7/18/2010 6:00,30.03444444,-98.1261111,,nc,unknown,unknown,Unknown,Unknown
7,"Jacobs Well Spg nr Wimberley, TX","Gage height, feet",7/19/2010 0:00,2.83,unknown,Minimum,1,NWISDV:08170990,5,NWISDV:00065,unknown,unknown,unknown,Derived Value,0,unknown,FALSE,-999999,-6,7/19/2010 6:00,30.03444444,-98.1261111,,nc,unknown,unknown,Unknown,Unknown
7,"Jacobs Well Spg nr Wimberley, TX","Gage height, feet",7/20/2010 0:00,2.82,unknown,Minimum,1,NWISDV:08170990,5,NWISDV:00065,unknown,unknown,unknown,Derived Value,0,unknown,FALSE,-999999,-6,7/20/2010 6:00,30.03444444,-98.1261111,,nc,unknown,unknown,Unknown,Unknown
7,"Jacobs Well Spg nr Wimberley, TX","Gage height, feet",7/21/2010 0:00,2.82,unknown,Minimum,1,NWISDV:08170990,5,NWISDV:00065,unknown,unknown,unknown,Derived Value,0,unknown,FALSE,-999999,-6,7/21/2010 6:00,30.03444444,-98.1261111,,nc,unknown,unknown,Unknown,Unknown
7,"Jacobs Well Spg nr Wimberley, TX","Gage height, feet",7/22/2010 0:00,2.82,unknown,Minimum,1,NWISDV:08170990,5,NWISDV:00065,unknown,unknown,unknown,Derived Value,0,unknown,FALSE,-999999,-6,7/22/2010 6:00,30.03444444,-98.1261111,,nc,unknown,unknown,Unknown,Unknown
7,"Jacobs Well Spg nr Wimberley, TX","Gage height, feet",7/23/2010 0:00,2.81,unknown,Minimum,1,NWISDV:08170990,5,NWISDV:00065,unknown,unknown,unknown,Derived Value,0,unknown,FALSE,-999999,-6,7/23/2010 6:00,30.03444444,-98.1261111,,nc,unknown,unknown,Unknown,Unknown
7,"Jacobs Well Spg nr Wimberley, TX","Gage height, feet",7/24/2010 0:00,2.82,unknown,Minimum,1,NWISDV:08170990,5,NWISDV:00065,unknown,unknown,unknown,Derived Value,0,unknown,FALSE,-999999,-6,7/24/2010 6:00,30.03444444,-98.1261111,,nc,unknown,unknown,Unknown,Unknown
7,"Jacobs Well Spg nr Wimberley, TX","Gage height, feet",7/25/2010 0:00,2.82,unknown,Minimum,1,NWISDV:08170990,5,NWISDV:00065,unknown,unknown,unknown,Derived Value,0,unknown,FALSE,-999999,-6,7/25/2010 6:00,30.03444444,-98.1261111,,nc,unknown,unknown,Unknown,Unknown
7,"Jacobs Well Spg nr Wimberley, TX","Gage height, feet",7/26/2010 0:00,2.82,unknown,Minimum,1,NWISDV:08170990,5,NWISDV:00065,unknown,unknown,unknown,Derived Value,0,unknown,FALSE,-999999,-6,7/26/2010 6:00,30.03444444,-98.1261111,,nc,unknown,unknown,Unknown,Unknown
7,"Jacobs Well Spg nr Wimberley, TX","Gage height, feet",7/27/2010 0:00,2.81,unknown,Minimum,1,NWISDV:08170990,5,NWISDV:00065,unknown,unknown,unknown,Derived Value,0,unknown,FALSE,-999999,-6,7/27/2010 6:00,30.03444444,-98.1261111,,nc,unknown,unknown,Unknown,Unknown
7,"Jacobs Well Spg nr Wimberley, TX","Gage height, feet",7/28/2010 0:00,2.81,unknown,Minimum,1,NWISDV:08170990,5,NWISDV:00065,unknown,unknown,unknown,Derived Value,0,unknown,FALSE,-999999,-6,7/28/2010 6:00,30.03444444,-98.1261111,,nc,unknown,unknown,Unknown,Unknown
7,"Jacobs Well Spg nr Wimberley, TX","Gage height, feet",7/29/2010 0:00,2.82,unknown,Minimum,1,NWISDV:08170990,5,NWISDV:00065,unknown,unknown,unknown,Derived Value,0,unknown,FALSE,-999999,-6,7/29/2010 6:00,30.03444444,-98.1261111,,nc,unknown,unknown,Unknown,Unknown
7,"Jacobs Well Spg nr Wimberley, TX","Gage height, feet",7/30/2010 0:00,2.82,unknown,Minimum,1,NWISDV:08170990,5,NWISDV:00065,unknown,unknown,unknown,Derived Value,0,unknown,FALSE,-999999,-6,7/30/2010 6:00,30.03444444,-98.1261111,,nc,unknown,unknown,Unknown,Unknown
7,"Jacobs Well Spg nr Wimberley, TX","Gage height, feet",7/31/2010 0:00,2.79,unknown,Minimum,1,NWISDV:08170990,5,NWISDV:00065,unknown,unknown,unknown,Derived Value,0,unknown,FALSE,-999999,-6,7/31/2010 6:00,30.03444444,-98.1261111,,nc,unknown,unknown,Unknown,Unknown
7,"Jacobs Well Spg nr Wimberley, TX","Gage height, feet",8/1/2010 0:00,2.78,unknown,Minimum,1,NWISDV:08170990,5,NWISDV:00065,unknown,unknown,unknown,Derived Value,0,unknown,FALSE,-999999,-6,8/1/2010 6:00,30.03444444,-98.1261111,,nc,unknown,unknown,Unknown,Unknown
7,"Jacobs Well Spg nr Wimberley, TX","Gage height, feet",8/2/2010 0:00,2.78,unknown,Minimum,1,NWISDV:08170990,5,NWISDV:00065,unknown,unknown,unknown,Derived Value,0,unknown,FALSE,-999999,-6,8/2/2010 6:00,30.03444444,-98.1261111,,nc,unknown,unknown,Unknown,Unknown
7,"Jacobs Well Spg nr Wimberley, TX","Gage height, feet",8/3/2010 0:00,2.77,unknown,Minimum,1,NWISDV:08170990,5,NWISDV:00065,unknown,unknown,unknown,Derived Value,0,unknown,FALSE,-999999,-6,8/3/2010 6:00,30.03444444,-98.1261111,,nc,unknown,unknown,Unknown,Unknown
7,"Jacobs Well Spg nr Wimberley, TX","Gage height, feet",8/4/2010 0:00,2.77,unknown,Minimum,1,NWISDV:08170990,5,NWISDV:00065,unknown,unknown,unknown,Derived Value,0,unknown,FALSE,-999999,-6,8/4/2010 6:00,30.03444444,-98.1261111,,nc,unknown,unknown,Unknown,Unknown
7,"Jacobs Well Spg nr Wimberley, TX","Gage height, feet",8/5/2010 0:00,2.77,unknown,Minimum,1,NWISDV:08170990,5,NWISDV:00065,unknown,unknown,unknown,Derived Value,0,unknown,FALSE,-999999,-6,8/5/2010 6:00,30.03444444,-98.1261111,,nc,unknown,unknown,Unknown,Unknown
7,"Jacobs Well Spg nr Wimberley, TX","Gage height, feet",8/6/2010 0:00,2.76,unknown,Minimum,1,NWISDV:08170990,5,NWISDV:00065,unknown,unknown,unknown,Derived Value,0,unknown,FALSE,-999999,-6,8/6/2010 6:00,30.03444444,-98.1261111,,nc,unknown,unknown,Unknown,Unknown
7,"Jacobs Well Spg nr Wimberley, TX","Gage height, feet",8/7/2010 0:00,2.77,unknown,Minimum,1,NWISDV:08170990,5,NWISDV:00065,unknown,unknown,unknown,Derived Value,0,unknown,FALSE,-999999,-6,8/7/2010 6:00,30.03444444,-98.1261111,,nc,unknown,unknown,Unknown,Unknown
7,"Jacobs Well Spg nr Wimberley, TX","Gage height, feet",8/8/2010 0:00,2.75,unknown,Minimum,1,NWISDV:08170990,5,NWISDV:00065,unknown,unknown,unknown,Derived Value,0,unknown,FALSE,-999999,-6,8/8/2010 6:00,30.03444444,-98.1261111,,nc,unknown,unknown,Unknown,Unknown
7,"Jacobs Well Spg nr Wimberley, TX","Gage height, feet",8/9/2010 0:00,2.74,unknown,Minimum,1,NWISDV:08170990,5,NWISDV:00065,unknown,unknown,unknown,Derived Value,0,unknown,FALSE,-999999,-6,8/9/2010 6:00,30.03444444,-98.1261111,,nc,unknown,unknown,Unknown,Unknown
7,"Jacobs Well Spg nr Wimberley, TX","Gage height, feet",8/10/2010 0:00,2.75,unknown,Minimum,1,NWISDV:08170990,5,NWISDV:00065,unknown,unknown,unknown,Derived Value,0,unknown,FALSE,-999999,-6,8/10/2010 6:00,30.03444444,-98.1261111,,nc,unknown,unknown,Unknown,Unknown
7,"Jacobs Well Spg nr Wimberley, TX","Gage height, feet",8/11/2010 0:00,2.76,unknown,Minimum,1,NWISDV:08170990,5,NWISDV:00065,unknown,unknown,unknown,Derived Value,0,unknown,FALSE,-999999,-6,8/11/2010 6:00,30.03444444,-98.1261111,,nc,unknown,unknown,Unknown,Unknown
7,"Jacobs Well Spg nr Wimberley, TX","Gage height, feet",8/12/2010 0:00,2.76,unknown,Minimum,1,NWISDV:08170990,5,NWISDV:00065,unknown,unknown,unknown,Derived Value,0,unknown,FALSE,-999999,-6,8/12/2010 6:00,30.03444444,-98.1261111,,nc,unknown,unknown,Unknown,Unknown
7,"Jacobs Well Spg nr Wimberley, TX","Gage height, feet",8/13/2010 0:00,2.73,unknown,Minimum,1,NWISDV:08170990,5,NWISDV:00065,unknown,unknown,unknown,Derived Value,0,unknown,FALSE,-999999,-6,8/13/2010 6:00,30.03444444,-98.1261111,,nc,unknown,unknown,Unknown,Unknown
7,"Jacobs Well Spg nr Wimberley, TX","Gage height, feet",8/14/2010 0:00,2.73,unknown,Minimum,1,NWISDV:08170990,5,NWISDV:00065,unknown,unknown,unknown,Derived Value,0,unknown,FALSE,-999999,-6,8/14/2010 6:00,30.03444444,-98.1261111,,nc,unknown,unknown,Unknown,Unknown
7,"Jacobs Well Spg nr Wimberley, TX","Gage height, feet",8/15/2010 0:00,2.73,unknown,Minimum,1,NWISDV:08170990,5,NWISDV:00065,unknown,unknown,unknown,Derived Value,0,unknown,FALSE,-999999,-6,8/15/2010 6:00,30.03444444,-98.1261111,,nc,unknown,unknown,Unknown,Unknown
7,"Jacobs Well Spg nr Wimberley, TX","Gage height, feet",8/16/2010 0:00,2.72,unknown,Minimum,1,NWISDV:08170990,5,NWISDV:00065,unknown,unknown,unknown,Derived Value,0,unknown,FALSE,-999999,-6,8/16/2010 6:00,30.03444444,-98.1261111,,nc,unknown,unknown,Unknown,Unknown
7,"Jacobs Well Spg nr Wimberley, TX","Gage height, feet",8/17/2010 0:00,2.71,unknown,Minimum,1,NWISDV:08170990,5,NWISDV:00065,unknown,unknown,unknown,Derived Value,0,unknown,FALSE,-999999,-6,8/17/2010 6:00,30.03444444,-98.1261111,,nc,unknown,unknown,Unknown,Unknown
7,"Jacobs Well Spg nr Wimberley, TX","Gage height, feet",8/18/2010 0:00,2.71,unknown,Minimum,1,NWISDV:08170990,5,NWISDV:00065,unknown,unknown,unknown,Derived Value,0,unknown,FALSE,-999999,-6,8/18/2010 6:00,30.03444444,-98.1261111,,nc,unknown,unknown,Unknown,Unknown
7,"Jacobs Well Spg nr Wimberley, TX","Gage height, feet",8/19/2010 0:00,2.71,unknown,Minimum,1,NWISDV:08170990,5,NWISDV:00065,unknown,unknown,unknown,Derived Value,0,unknown,FALSE,-999999,-6,8/19/2010 6:00,30.03444444,-98.1261111,,nc,unknown,unknown,Unknown,Unknown
7,"Jacobs Well Spg nr Wimberley, TX","Gage height, feet",8/20/2010 0:00,2.71,unknown,Minimum,1,NWISDV:08170990,5,NWISDV:00065,unknown,unknown,unknown,Derived Value,0,unknown,FALSE,-999999,-6,8/20/2010 6:00,30.03444444,-98.1261111,,nc,unknown,unknown,Unknown,Unknown
7,"Jacobs Well Spg nr Wimberley, TX","Gage height, feet",8/21/2010 0:00,2.7,unknown,Minimum,1,NWISDV:08170990,5,NWISDV:00065,unknown,unknown,unknown,Derived Value,0,unknown,FALSE,-999999,-6,8/21/2010 6:00,30.03444444,-98.1261111,,nc,unknown,unknown,Unknown,Unknown
7,"Jacobs Well Spg nr Wimberley, TX","Gage height, feet",8/22/2010 0:00,2.71,unknown,Minimum,1,NWISDV:08170990,5,NWISDV:00065,unknown,unknown,unknown,Derived Value,0,unknown,FALSE,-999999,-6,8/22/2010 6:00,30.03444444,-98.1261111,,nc,unknown,unknown,Unknown,Unknown
7,"Jacobs Well Spg nr Wimberley, TX","Gage height, feet",8/23/2010 0:00,2.71,unknown,Minimum,1,NWISDV:08170990,5,NWISDV:00065,unknown,unknown,unknown,Derived Value,0,unknown,FALSE,-999999,-6,8/23/2010 6:00,30.03444444,-98.1261111,,nc,unknown,unknown,Unknown,Unknown
7,"Jacobs Well Spg nr Wimberley, TX","Gage height, feet",8/24/2010 0:00,2.71,unknown,Minimum,1,NWISDV:08170990,5,NWISDV:00065,unknown,unknown,unknown,Derived Value,0,unknown,FALSE,-999999,-6,8/24/2010 6:00,30.03444444,-98.1261111,,nc,unknown,unknown,Unknown,Unknown
7,"Jacobs Well Spg nr Wimberley, TX","Gage height, feet",8/25/2010 0:00,2.72,unknown,Minimum,1,NWISDV:08170990,5,NWISDV:00065,unknown,unknown,unknown,Derived Value,0,unknown,FALSE,-999999,-6,8/25/2010 6:00,30.03444444,-98.1261111,,nc,unknown,unknown,Unknown,Unknown
7,"Jacobs Well Spg nr Wimberley, TX","Gage height, feet",8/26/2010 0:00,2.72,unknown,Minimum,1,NWISDV:08170990,5,NWISDV:00065,unknown,unknown,unknown,Derived Value,0,unknown,FALSE,-999999,-6,8/26/2010 6:00,30.03444444,-98.1261111,,nc,unknown,unknown,Unknown,Unknown
7,"Jacobs Well Spg nr Wimberley, TX","Gage height, feet",8/27/2010 0:00,2.71,unknown,Minimum,1,NWISDV:08170990,5,NWISDV:00065,unknown,unknown,unknown,Derived Value,0,unknown,FALSE,-999999,-6,8/27/2010 6:00,30.03444444,-98.1261111,,nc,unknown,unknown,Unknown,Unknown
7,"Jacobs Well Spg nr Wimberley, TX","Gage height, feet",8/28/2010 0:00,2.7,unknown,Minimum,1,NWISDV:08170990,5,NWISDV:00065,unknown,unknown,unknown,Derived Value,0,unknown,FALSE,-999999,-6,8/28/2010 6:00,30.03444444,-98.1261111,,nc,unknown,unknown,Unknown,Unknown
7,"Jacobs Well Spg nr Wimberley, TX","Gage height, feet",8/29/2010 0:00,2.68,unknown,Minimum,1,NWISDV:08170990,5,NWISDV:00065,unknown,unknown,unknown,Derived Value,0,unknown,FALSE,-999999,-6,8/29/2010 6:00,30.03444444,-98.1261111,,nc,unknown,unknown,Unknown,Unknown
7,"Jacobs Well Spg nr Wimberley, TX","Gage height, feet",8/30/2010 0:00,2.68,unknown,Minimum,1,NWISDV:08170990,5,NWISDV:00065,unknown,unknown,unknown,Derived Value,0,unknown,FALSE,-999999,-6,8/30/2010 6:00,30.03444444,-98.1261111,,nc,unknown,unknown,Unknown,Unknown
7,"Jacobs Well Spg nr Wimberley, TX","Gage height, feet",8/31/2010 0:00,2.68,unknown,Minimum,1,NWISDV:08170990,5,NWISDV:00065,unknown,unknown,unknown,Derived Value,0,unknown,FALSE,-999999,-6,8/31/2010 6:00,30.03444444,-98.1261111,,nc,unknown,unknown,Unknown,Unknown
7,"Jacobs Well Spg nr Wimberley, TX","Gage height, feet",9/1/2010 0:00,2.67,unknown,Minimum,1,NWISDV:08170990,5,NWISDV:00065,unknown,unknown,unknown,Derived Value,0,unknown,FALSE,-999999,-6,9/1/2010 6:00,30.03444444,-98.1261111,,nc,unknown,unknown,Unknown,Unknown
7,"Jacobs Well Spg nr Wimberley, TX","Gage height, feet",9/2/2010 0:00,2.69,unknown,Minimum,1,NWISDV:08170990,5,NWISDV:00065,unknown,unknown,unknown,Derived Value,0,unknown,FALSE,-999999,-6,9/2/2010 6:00,30.03444444,-98.1261111,,nc,unknown,unknown,Unknown,Unknown
7,"Jacobs Well Spg nr Wimberley, TX","Gage height, feet",9/3/2010 0:00,2.71,unknown,Minimum,1,NWISDV:08170990,5,NWISDV:00065,unknown,unknown,unknown,Derived Value,0,unknown,FALSE,-999999,-6,9/3/2010 6:00,30.03444444,-98.1261111,,nc,unknown,unknown,Unknown,Unknown
7,"Jacobs Well Spg nr Wimberley, TX","Gage height, feet",9/4/2010 0:00,2.73,unknown,Minimum,1,NWISDV:08170990,5,NWISDV:00065,unknown,unknown,unknown,Derived Value,0,unknown,FALSE,-999999,-6,9/4/2010 6:00,30.03444444,-98.1261111,,nc,unknown,unknown,Unknown,Unknown
7,"Jacobs Well Spg nr Wimberley, TX","Gage height, feet",9/5/2010 0:00,2.71,unknown,Minimum,1,NWISDV:08170990,5,NWISDV:00065,unknown,unknown,unknown,Derived Value,0,unknown,FALSE,-999999,-6,9/5/2010 6:00,30.03444444,-98.1261111,,nc,unknown,unknown,Unknown,Unknown
7,"Jacobs Well Spg nr Wimberley, TX","Gage height, feet",9/6/2010 0:00,2.7,unknown,Minimum,1,NWISDV:08170990,5,NWISDV:00065,unknown,unknown,unknown,Derived Value,0,unknown,FALSE,-999999,-6,9/6/2010 6:00,30.03444444,-98.1261111,,nc,unknown,unknown,Unknown,Unknown
7,"Jacobs Well Spg nr Wimberley, TX","Gage height, feet",9/7/2010 0:00,2.72,unknown,Minimum,1,NWISDV:08170990,5,NWISDV:00065,unknown,unknown,unknown,Derived Value,0,unknown,FALSE,-999999,-6,9/7/2010 6:00,30.03444444,-98.1261111,,nc,unknown,unknown,Unknown,Unknown
7,"Jacobs Well Spg nr Wimberley, TX","Gage height, feet",9/9/2010 0:00,3.31,unknown,Minimum,1,NWISDV:08170990,5,NWISDV:00065,unknown,unknown,unknown,Derived Value,0,unknown,FALSE,-999999,-6,9/9/2010 6:00,30.03444444,-98.1261111,,nc,unknown,unknown,Unknown,Unknown
7,"Jacobs Well Spg nr Wimberley, TX","Gage height, feet",9/10/2010 0:00,3.23,unknown,Minimum,1,NWISDV:08170990,5,NWISDV:00065,unknown,unknown,unknown,Derived Value,0,unknown,FALSE,-999999,-6,9/10/2010 6:00,30.03444444,-98.1261111,,nc,unknown,unknown,Unknown,Unknown
7,"Jacobs Well Spg nr Wimberley, TX","Gage height, feet",9/11/2010 0:00,3.18,unknown,Minimum,1,NWISDV:08170990,5,NWISDV:00065,unknown,unknown,unknown,Derived Value,0,unknown,FALSE,-999999,-6,9/11/2010 6:00,30.03444444,-98.1261111,,nc,unknown,unknown,Unknown,Unknown
7,"Jacobs Well Spg nr Wimberley, TX","Gage height, feet",9/12/2010 0:00,3.15,unknown,Minimum,1,NWISDV:08170990,5,NWISDV:00065,unknown,unknown,unknown,Derived Value,0,unknown,FALSE,-999999,-6,9/12/2010 6:00,30.03444444,-98.1261111,,nc,unknown,unknown,Unknown,Unknown
7,"Jacobs Well Spg nr Wimberley, TX","Gage height, feet",9/13/2010 0:00,3.11,unknown,Minimum,1,NWISDV:08170990,5,NWISDV:00065,unknown,unknown,unknown,Derived Value,0,unknown,FALSE,-999999,-6,9/13/2010 6:00,30.03444444,-98.1261111,,nc,unknown,unknown,Unknown,Unknown
7,"Jacobs Well Spg nr Wimberley, TX","Gage height, feet",9/14/2010 0:00,3.08,unknown,Minimum,1,NWISDV:08170990,5,NWISDV:00065,unknown,unknown,unknown,Derived Value,0,unknown,FALSE,-999999,-6,9/14/2010 6:00,30.03444444,-98.1261111,,nc,unknown,unknown,Unknown,Unknown
7,"Jacobs Well Spg nr Wimberley, TX","Gage height, feet",9/15/2010 0:00,3.06,unknown,Minimum,1,NWISDV:08170990,5,NWISDV:00065,unknown,unknown,unknown,Derived Value,0,unknown,FALSE,-999999,-6,9/15/2010 6:00,30.03444444,-98.1261111,,nc,unknown,unknown,Unknown,Unknown
7,"Jacobs Well Spg nr Wimberley, TX","Gage height, feet",9/16/2010 0:00,3.04,unknown,Minimum,1,NWISDV:08170990,5,NWISDV:00065,unknown,unknown,unknown,Derived Value,0,unknown,FALSE,-999999,-6,9/16/2010 6:00,30.03444444,-98.1261111,,nc,unknown,unknown,Unknown,Unknown
7,"Jacobs Well Spg nr Wimberley, TX","Gage height, feet",9/17/2010 0:00,3.03,unknown,Minimum,1,NWISDV:08170990,5,NWISDV:00065,unknown,unknown,unknown,Derived Value,0,unknown,FALSE,-999999,-6,9/17/2010 6:00,30.03444444,-98.1261111,,nc,unknown,unknown,Unknown,Unknown
7,"Jacobs Well Spg nr Wimberley, TX","Gage height, feet",9/18/2010 0:00,3.02,unknown,Minimum,1,NWISDV:08170990,5,NWISDV:00065,unknown,unknown,unknown,Derived Value,0,unknown,FALSE,-999999,-6,9/18/2010 6:00,30.03444444,-98.1261111,,nc,unknown,unknown,Unknown,Unknown
7,"Jacobs Well Spg nr Wimberley, TX","Gage height, feet",9/19/2010 0:00,3.02,unknown,Minimum,1,NWISDV:08170990,5,NWISDV:00065,unknown,unknown,unknown,Derived Value,0,unknown,FALSE,-999999,-6,9/19/2010 6:00,30.03444444,-98.1261111,,nc,unknown,unknown,Unknown,Unknown
7,"Jacobs Well Spg nr Wimberley, TX","Gage height, feet",9/20/2010 0:00,3.02,unknown,Minimum,1,NWISDV:08170990,5,NWISDV:00065,unknown,unknown,unknown,Derived Value,0,unknown,FALSE,-999999,-6,9/20/2010 6:00,30.03444444,-98.1261111,,nc,unknown,unknown,Unknown,Unknown
7,"Jacobs Well Spg nr Wimberley, TX","Gage height, feet",9/21/2010 0:00,3.04,unknown,Minimum,1,NWISDV:08170990,5,NWISDV:00065,unknown,unknown,unknown,Derived Value,0,unknown,FALSE,-999999,-6,9/21/2010 6:00,30.03444444,-98.1261111,,nc,unknown,unknown,Unknown,Unknown
7,"Jacobs Well Spg nr Wimberley, TX","Gage height, feet",9/22/2010 0:00,3.03,unknown,Minimum,1,NWISDV:08170990,5,NWISDV:00065,unknown,unknown,unknown,Derived Value,0,unknown,FALSE,-999999,-6,9/22/2010 6:00,30.03444444,-98.1261111,,nc,unknown,unknown,Unknown,Unknown
7,"Jacobs Well Spg nr Wimberley, TX","Gage height, feet",9/23/2010 0:00,3.02,unknown,Minimum,1,NWISDV:08170990,5,NWISDV:00065,unknown,unknown,unknown,Derived Value,0,unknown,FALSE,-999999,-6,9/23/2010 6:00,30.03444444,-98.1261111,,nc,unknown,unknown,Unknown,Unknown
7,"Jacobs Well Spg nr Wimberley, TX","Gage height, feet",9/24/2010 0:00,3.01,unknown,Minimum,1,NWISDV:08170990,5,NWISDV:00065,unknown,unknown,unknown,Derived Value,0,unknown,FALSE,-999999,-6,9/24/2010 6:00,30.03444444,-98.1261111,,nc,unknown,unknown,Unknown,Unknown
7,"Jacobs Well Spg nr Wimberley, TX","Gage height, feet",9/25/2010 0:00,3.01,unknown,Minimum,1,NWISDV:08170990,5,NWISDV:00065,unknown,unknown,unknown,Derived Value,0,unknown,FALSE,-999999,-6,9/25/2010 6:00,30.03444444,-98.1261111,,nc,unknown,unknown,Unknown,Unknown
7,"Jacobs Well Spg nr Wimberley, TX","Gage height, feet",9/26/2010 0:00,3,unknown,Minimum,1,NWISDV:08170990,5,NWISDV:00065,unknown,unknown,unknown,Derived Value,0,unknown,FALSE,-999999,-6,9/26/2010 6:00,30.03444444,-98.1261111,,nc,unknown,unknown,Unknown,Unknown
7,"Jacobs Well Spg nr Wimberley, TX","Gage height, feet",9/27/2010 0:00,2.98,unknown,Minimum,1,NWISDV:08170990,5,NWISDV:00065,unknown,unknown,unknown,Derived Value,0,unknown,FALSE,-999999,-6,9/27/2010 6:00,30.03444444,-98.1261111,,nc,unknown,unknown,Unknown,Unknown
7,"Jacobs Well Spg nr Wimberley, TX","Gage height, feet",9/28/2010 0:00,2.98,unknown,Minimum,1,NWISDV:08170990,5,NWISDV:00065,unknown,unknown,unknown,Derived Value,0,unknown,FALSE,-999999,-6,9/28/2010 6:00,30.03444444,-98.1261111,,nc,unknown,unknown,Unknown,Unknown
7,"Jacobs Well Spg nr Wimberley, TX","Gage height, feet",9/29/2010 0:00,2.97,unknown,Minimum,1,NWISDV:08170990,5,NWISDV:00065,unknown,unknown,unknown,Derived Value,0,unknown,FALSE,-999999,-6,9/29/2010 6:00,30.03444444,-98.1261111,,nc,unknown,unknown,Unknown,Unknown
7,"Jacobs Well Spg nr Wimberley, TX","Gage height, feet",9/30/2010 0:00,2.95,unknown,Minimum,1,NWISDV:08170990,5,NWISDV:00065,unknown,unknown,unknown,Derived Value,0,unknown,FALSE,-999999,-6,9/30/2010 6:00,30.03444444,-98.1261111,,nc,unknown,unknown,Unknown,Unknown
